,collisions,step,episode,reward
0,3.0,33,1,-61827.5
1,9.0,97,2,-75570.5
2,8.0,157,3,-65678.5
3,4.0,194,4,-48864.5
4,5.0,259,5,-71566.0
5,8.0,306,6,-82122.0
6,3.0,338,7,-72403.5
7,9.0,388,8,-61663.5
8,7.0,431,9,-56917.5
9,5.0,463,10,-57882.5
10,2.0,504,11,-45361.0
11,3.0,553,12,-84243.0
12,9.0,611,13,-51253.0
13,5.0,648,14,-52475.0
14,4.0,683,15,-60037.5
15,3.0,722,16,-58727.5
16,4.0,762,17,-68448.0
17,7.0,796,18,-67804.0
18,9.0,841,19,-78731.0
19,3.0,874,20,-65986.0
20,7.0,918,21,-61899.0
21,5.0,956,22,-49696.5
22,5.0,994,23,-47882.5
23,7.0,1031,24,-80030.5
24,4.0,1080,25,-82292.0
25,4.0,1113,26,-50373.5
26,3.0,1157,27,-54418.5
27,5.0,1205,28,-74312.5
28,10.0,1259,29,-79839.0
29,10.0,1302,30,-92051.5
30,2.0,1339,31,-41200.5
31,10.0,1398,32,-67764.0
32,6.0,1430,33,-66811.0
33,5.0,1475,34,-66323.0
34,7.0,1514,35,-49935.5
35,4.0,1556,36,-41957.5
36,8.0,1593,37,-57236.0
37,5.0,1636,38,-69189.0
38,6.0,1692,39,-69831.5
39,1.0,1750,40,-82595.5
40,10.0,1809,41,-60886.5
41,4.0,1840,42,-55634.0
42,3.0,1879,43,-41716.0
43,7.0,1915,44,-57186.5
44,9.0,1966,45,-71833.0
45,4.0,2015,46,-64577.5
46,5.0,2068,47,-84945.0
47,2.0,2108,48,-83980.0
48,5.0,2138,49,-64257.5
49,4.0,2172,50,-52242.0
50,5.0,2209,51,-48277.0
51,14.0,2269,52,-73418.5
52,4.0,2310,53,-44955.0
53,2.0,2367,54,-66678.5
54,5.0,2416,55,-46287.0
55,5.0,2451,56,-48982.5
56,5.0,2487,57,-57907.0
57,6.0,2525,58,-47500.0
58,12.0,2592,59,-79363.0
59,2.0,2626,60,-60552.0
60,9.0,2689,61,-43126.0
61,6.0,2746,62,-56464.5
62,7.0,2805,63,-52876.0
63,7.0,2843,64,-45654.0
64,3.0,2884,65,-89631.5
65,5.0,2925,66,-45347.5
66,5.0,2972,67,-33407.0
67,4.0,3027,68,-61753.5
68,9.0,3085,69,-46356.0
69,7.0,3143,70,-30687.0
70,9.0,3186,71,-37794.5
71,5.0,3225,72,-61484.5
72,6.0,3278,73,-48489.0
73,11.0,3340,74,-69881.5
74,4.0,3375,75,-44355.0
75,6.0,3439,76,-43974.0
76,3.0,3483,77,-48556.5
77,9.0,3540,78,-43343.0
78,1.0,3592,79,-52906.5
79,4.0,3636,80,-37777.0
80,4.0,3676,81,-50196.0
81,5.0,3729,82,-64894.5
82,4.0,3779,83,-32415.5
83,12.0,3830,84,-73371.5
84,6.0,3872,85,-41624.5
85,7.0,3915,86,-34975.5
86,8.0,3961,87,-71615.5
87,5.0,4028,88,-49670.5
88,10.0,4079,89,-35054.5
89,4.0,4136,90,-46052.5
90,13.0,4199,91,-60706.5
91,13.0,4256,92,-49340.5
92,11.0,4317,93,-65703.5
93,4.0,4358,94,-46331.5
94,5.0,4418,95,-57883.5
95,5.0,4472,96,-44535.0
96,2.0,4506,97,-48463.5
97,7.0,4553,98,-56184.5
98,3.0,4608,99,-48904.5
99,5.0,4659,100,-56103.0
100,4.0,4693,101,-54605.0
101,4.0,4737,102,-40499.5
102,2.0,4776,103,-43271.0
103,2.0,4847,104,-74196.0
104,9.0,4921,105,-58615.5
105,5.0,4973,106,-58828.5
106,4.0,5021,107,-54023.0
107,7.0,5072,108,-45466.0
108,9.0,5123,109,-56600.5
109,7.0,5160,110,-64739.0
110,4.0,5196,111,-48570.5
111,2.0,5242,112,-52118.0
112,8.0,5305,113,-55078.0
113,10.0,5382,114,-48901.5
114,8.0,5433,115,-31133.0
115,7.0,5480,116,-84663.5
116,15.0,5552,117,-52415.0
117,9.0,5615,118,-68084.0
118,8.0,5688,119,-49890.0
119,7.0,5731,120,-38914.5
120,5.0,5786,121,-57231.0
121,8.0,5847,122,-59202.5
122,11.0,5900,123,-51597.5
123,9.0,5938,124,-44001.5
124,8.0,6007,125,-55096.5
125,5.0,6065,126,-53812.0
126,5.0,6133,127,-36990.0
127,2.0,6183,128,-41431.5
128,6.0,6237,129,-30977.0
129,8.0,6288,130,-49989.0
130,4.0,6349,131,-29974.0
131,11.0,6416,132,-37537.0
132,5.0,6456,133,-44560.5
133,5.0,6510,134,-67381.5
134,10.0,6583,135,-49048.5
135,5.0,6657,136,-44219.5
136,9.0,6732,137,-43483.0
137,12.0,6806,138,-60752.5
138,3.0,6855,139,-57212.5
139,7.0,6914,140,-43701.0
140,16.0,6993,141,-45892.0
141,7.0,7042,142,-35103.0
142,10.0,7105,143,-46882.5
143,9.0,7171,144,-67361.5
144,7.0,7229,145,-30301.5
145,7.0,7286,146,-38370.0
146,7.0,7348,147,-48839.0
147,14.0,7431,148,-62354.0
148,7.0,7485,149,-60905.0
149,12.0,7554,150,-38856.0
150,6.0,7614,151,-45243.0
151,5.0,7697,152,-59277.0
152,9.0,7776,153,-43293.5
153,14.0,7853,154,-46665.5
154,11.0,7924,155,-53699.0
155,6.0,7997,156,-31373.0
156,8.0,8060,157,-71546.5
157,4.0,8118,158,-34953.0
158,6.0,8190,159,-31406.5
159,10.0,8255,160,-30771.5
160,9.0,8326,161,-48001.0
161,11.0,8395,162,-32745.0
162,10.0,8467,163,-41854.0
163,7.0,8518,164,-49470.5
164,4.0,8587,165,-42246.0
165,10.0,8656,166,-45720.0
166,7.0,8723,167,-51491.5
167,3.0,8791,168,-53880.5
168,4.0,8856,169,-40077.5
169,8.0,8924,170,-53384.5
170,4.0,8978,171,-37953.0
171,4.0,9029,172,-43594.5
172,7.0,9103,173,-30807.0
173,8.0,9184,174,-54512.5
174,3.0,9225,175,-51839.0
175,5.0,9296,176,-29522.5
176,7.0,9368,177,-48954.0
177,7.0,9439,178,-32442.5
178,10.0,9499,179,-35802.0
179,7.0,9563,180,-44740.5
180,11.0,9628,181,-46304.5
181,6.0,9686,182,-34705.0
182,9.0,9741,183,-40173.5
183,8.0,9799,184,-36648.0
184,11.0,9864,185,-39918.5
185,5.0,9929,186,-30336.5
186,7.0,9985,187,-32376.5
187,7.0,10043,188,-36867.0
188,7.0,10101,189,-34561.5
189,10.0,10166,190,-56122.5
190,9.0,10235,191,-38934.5
191,1.0,10291,192,-31538.5
192,8.0,10363,193,-45104.0
193,6.0,10406,194,-41399.0
194,9.0,10472,195,-32789.5
195,7.0,10525,196,-42119.5
196,4.0,10585,197,-34332.5
197,8.0,10645,198,-33864.0
198,3.0,10697,199,-33823.0
199,4.0,10773,200,-54326.5
200,5.0,10840,201,-45491.0
201,6.0,10893,202,-39439.0
202,8.0,10963,203,-45365.5
203,8.0,11023,204,-32606.0
204,8.0,11069,205,-37083.5
205,8.0,11139,206,-32108.5
206,2.0,11186,207,-37559.5
207,7.0,11239,208,-37831.0
208,8.0,11307,209,-32088.0
209,8.0,11359,210,-32523.0
210,4.0,11404,211,-37341.0
211,5.0,11460,212,-39061.0
212,11.0,11538,213,-60778.0
213,9.0,11593,214,-33383.5
214,4.0,11661,215,-35513.5
215,3.0,11698,216,-42455.0
216,9.0,11750,217,-42332.0
217,6.0,11796,218,-36490.0
218,8.0,11863,219,-30613.5
219,2.0,11908,220,-35790.0
220,7.0,11966,221,-32063.0
221,5.0,12025,222,-29729.5
222,8.0,12075,223,-31435.0
223,4.0,12132,224,-30483.0
224,7.0,12195,225,-29325.0
225,2.0,12240,226,-35291.0
226,6.0,12290,227,-33517.0
227,2.0,12332,228,-41860.0
228,7.0,12392,229,-34216.0
229,11.0,12466,230,-27159.5
230,3.0,12517,231,-44570.5
231,6.0,12585,232,-32009.5
232,7.0,12641,233,-29501.5
233,7.0,12692,234,-35661.5
234,14.0,12751,235,-30836.0
235,4.0,12802,236,-30485.0
236,6.0,12847,237,-37409.5
237,13.0,12923,238,-27067.5
238,8.0,12970,239,-34517.5
239,8.0,13035,240,-30629.0
240,6.0,13088,241,-35375.0
241,5.0,13140,242,-30511.5
242,5.0,13179,243,-40087.0
243,3.0,13236,244,-29376.0
244,11.0,13292,245,-31003.0
245,4.0,13336,246,-33431.0
246,9.0,13398,247,-28514.0
247,6.0,13454,248,-29270.0
248,8.0,13512,249,-33947.0
249,5.0,13555,250,-37941.0
250,9.0,13630,251,-25934.5
251,6.0,13681,252,-42152.5
252,5.0,13724,253,-32429.0
253,5.0,13786,254,-26799.0
254,10.0,13857,255,-27468.5
255,5.0,13900,256,-33958.0
256,4.0,13942,257,-37910.0
257,8.0,14016,258,-28000.0
258,10.0,14090,259,-26144.0
259,7.0,14156,260,-34101.5
260,3.0,14205,261,-36946.0
261,4.0,14271,262,-30163.5
262,7.0,14334,263,-28179.5
263,6.0,14391,264,-31254.0
264,7.0,14446,265,-29575.0
265,11.0,14486,266,-38420.5
266,6.0,14536,267,-30453.0
267,5.0,14589,268,-30389.0
268,9.0,14655,269,-31619.5
269,4.0,14709,270,-35509.0
270,10.0,14777,271,-28790.0
271,6.0,14825,272,-33797.0
272,9.0,14876,273,-31962.0
273,7.0,14933,274,-35180.0
274,6.0,14986,275,-31605.5
275,3.0,15042,276,-34578.5
276,10.0,15106,277,-30646.5
277,3.0,15161,278,-28428.5
278,5.0,15229,279,-29583.0
279,6.0,15276,280,-36879.5
280,6.0,15324,281,-35930.0
281,8.0,15383,282,-32087.5
282,5.0,15427,283,-34894.0
283,2.0,15473,284,-37098.0
284,6.0,15512,285,-37747.5
285,4.0,15557,286,-36763.5
286,3.0,15600,287,-41143.0
287,17.0,15674,288,-27689.0
288,8.0,15723,289,-31826.0
289,5.0,15793,290,-62587.0
290,5.0,15841,291,-38767.5
291,6.0,15881,292,-45472.0
292,9.0,15938,293,-32873.0
293,3.0,16002,294,-32180.5
294,13.0,16062,295,-34881.0
295,4.0,16097,296,-48829.0
296,4.0,16166,297,-30954.5
297,5.0,16205,298,-41743.5
298,4.0,16270,299,-33618.0
299,7.0,16327,300,-32176.0
300,8.0,16382,301,-33318.5
301,7.0,16432,302,-33655.0
302,7.0,16498,303,-30186.5
303,3.0,16546,304,-39299.5
304,8.0,16602,305,-32392.5
305,6.0,16672,306,-24934.0
306,5.0,16732,307,-31406.0
307,6.0,16794,308,-28624.0
308,5.0,16846,309,-29835.5
309,8.0,16910,310,-27010.0
310,8.0,16959,311,-36004.0
311,3.0,17002,312,-40746.0
312,10.0,17076,313,-29670.0
313,4.0,17130,314,-37992.5
314,9.0,17181,315,-33272.5
315,8.0,17229,316,-36998.0
316,5.0,17289,317,-32980.5
317,8.0,17341,318,-31745.5
318,4.0,17413,319,-30472.5
319,12.0,17483,320,-41401.5
320,5.0,17546,321,-31308.0
321,5.0,17591,322,-35856.5
322,9.0,17657,323,-29844.0
323,3.0,17695,324,-47116.5
324,7.0,17758,325,-35236.5
325,5.0,17823,326,-34883.5
326,6.0,17898,327,-27208.0
327,8.0,17956,328,-32088.0
328,7.0,18009,329,-51431.5
329,4.0,18058,330,-32760.0
330,6.0,18105,331,-38621.0
331,4.0,18161,332,-31542.0
332,5.0,18233,333,-27654.5
333,6.0,18296,334,-29195.0
334,6.0,18345,335,-40120.5
335,3.0,18407,336,-28360.5
336,8.0,18472,337,-30090.0
337,4.0,18521,338,-31455.0
338,6.0,18571,339,-35343.5
339,7.0,18642,340,-33461.5
340,5.0,18694,341,-36694.0
341,4.0,18736,342,-39140.0
342,15.0,18815,343,-31906.5
343,4.0,18857,344,-38213.0
344,5.0,18928,345,-34005.5
345,4.0,18998,346,-36603.0
346,9.0,19068,347,-28129.5
347,7.0,19115,348,-35482.0
348,6.0,19172,349,-40612.0
349,5.0,19221,350,-34602.0
350,3.0,19282,351,-34609.5
351,6.0,19338,352,-45206.5
352,6.0,19397,353,-31308.5
353,2.0,19439,354,-40980.5
354,4.0,19493,355,-33756.0
355,8.0,19556,356,-28668.5
356,6.0,19618,357,-29326.5
357,7.0,19674,358,-34925.0
358,5.0,19735,359,-25551.5
359,7.0,19784,360,-33604.0
360,7.0,19857,361,-27569.5
361,6.0,19910,362,-36905.0
362,3.0,19972,363,-30798.0
363,2.0,20014,364,-36167.0
364,8.0,20069,365,-28942.0
365,11.0,20144,366,-23847.0
366,9.0,20208,367,-27531.0
367,6.0,20277,368,-36999.0
368,3.0,20327,369,-41944.0
369,2.0,20381,370,-36684.0
370,8.0,20448,371,-32733.0
371,6.0,20516,372,-31489.5
372,4.0,20573,373,-33304.0
373,10.0,20634,374,-30500.5
374,6.0,20678,375,-35493.0
375,3.0,20738,376,-28828.5
376,7.0,20801,377,-36871.5
377,2.0,20863,378,-32776.0
378,10.0,20925,379,-36231.5
379,4.0,20986,380,-28097.0
380,12.0,21043,381,-31689.5
381,3.0,21088,382,-34335.5
382,11.0,21156,383,-39928.5
383,5.0,21208,384,-31782.5
384,7.0,21267,385,-36819.0
385,6.0,21311,386,-34640.5
386,8.0,21372,387,-26610.0
387,7.0,21436,388,-35005.5
388,3.0,21502,389,-29921.5
389,9.0,21566,390,-35197.5
390,5.0,21629,391,-27868.0
391,10.0,21698,392,-30187.5
392,4.0,21737,393,-43284.5
393,10.0,21791,394,-34307.5
394,9.0,21860,395,-25079.0
395,5.0,21911,396,-31605.5
396,6.0,21973,397,-29526.5
397,8.0,22044,398,-28886.5
398,4.0,22093,399,-36819.0
399,5.0,22141,400,-33893.5
400,4.0,22195,401,-29065.5
401,3.0,22236,402,-41245.0
402,10.0,22273,403,-48164.0
403,4.0,22325,404,-32578.5
404,8.0,22400,405,-32322.5
405,5.0,22457,406,-32303.0
406,8.0,22516,407,-31222.0
407,12.0,22581,408,-24825.0
408,4.0,22634,409,-37186.5
409,4.0,22687,410,-31777.5
410,6.0,22738,411,-34865.5
411,8.0,22783,412,-34074.5
412,5.0,22850,413,-31311.0
413,5.0,22903,414,-32453.5
414,4.0,22962,415,-33508.5
415,5.0,23023,416,-28898.0
416,12.0,23081,417,-35713.0
417,4.0,23128,418,-35285.5
418,15.0,23199,419,-30562.5
419,9.0,23272,420,-30226.0
420,14.0,23343,421,-32031.5
421,4.0,23397,422,-31709.5
422,3.0,23441,423,-38356.0
423,2.0,23489,424,-34755.0
424,10.0,23539,425,-58973.0
425,7.0,23611,426,-30261.0
426,7.0,23670,427,-31248.0
427,9.0,23732,428,-26786.5
428,9.0,23794,429,-37537.0
429,8.0,23873,430,-24140.5
430,5.0,23934,431,-26190.0
431,6.0,23984,432,-48542.5
432,7.0,24039,433,-35410.0
433,8.0,24090,434,-37231.5
434,3.0,24138,435,-36023.5
435,8.0,24206,436,-29320.5
436,7.0,24278,437,-34600.5
437,6.0,24346,438,-31380.0
438,5.0,24415,439,-26499.0
439,10.0,24486,440,-24881.0
440,4.0,24531,441,-39476.0
441,9.0,24608,442,-31486.0
442,4.0,24657,443,-36446.0
443,5.0,24707,444,-34929.0
444,8.0,24780,445,-27436.0
445,12.0,24842,446,-37775.5
446,6.0,24908,447,-30527.0
447,7.0,24975,448,-33726.0
448,7.0,25042,449,-36472.5
449,12.0,25117,450,-28087.5
450,9.0,25185,451,-34414.0
451,8.0,25243,452,-30769.5
452,9.0,25323,453,-32611.5
453,3.0,25379,454,-31534.0
454,6.0,25448,455,-34874.0
455,8.0,25525,456,-27328.5
456,9.0,25597,457,-28967.0
457,10.0,25666,458,-29247.5
458,8.0,25733,459,-33291.5
459,6.0,25789,460,-34124.0
460,14.0,25860,461,-32228.0
461,8.0,25920,462,-34131.5
462,11.0,25979,463,-30060.0
463,4.0,26032,464,-33121.0
464,10.0,26103,465,-32579.5
465,5.0,26155,466,-32709.0
466,7.0,26196,467,-38209.0
467,10.0,26256,468,-29079.5
468,4.0,26306,469,-36640.5
469,8.0,26356,470,-37485.5
470,14.0,26437,471,-37466.0
471,8.0,26506,472,-26769.0
472,12.0,26573,473,-34787.5
473,7.0,26619,474,-40007.5
474,10.0,26673,475,-40077.5
475,7.0,26717,476,-38050.5
476,5.0,26777,477,-28429.0
477,5.0,26846,478,-30396.5
478,9.0,26925,479,-28551.5
479,7.0,26977,480,-33614.0
480,3.0,27024,481,-41535.0
481,11.0,27082,482,-30146.0
482,9.0,27154,483,-30149.0
483,6.0,27204,484,-67206.0
484,9.0,27264,485,-27256.5
485,7.0,27323,486,-36011.5
486,7.0,27368,487,-41214.0
487,8.0,27434,488,-29069.0
488,7.0,27507,489,-27947.0
489,9.0,27583,490,-28829.0
490,6.0,27627,491,-34732.0
491,5.0,27685,492,-31241.0
492,8.0,27761,493,-27052.0
493,7.0,27814,494,-32918.0
494,7.0,27859,495,-35658.5
495,5.0,27913,496,-32065.0
496,5.0,27982,497,-27718.0
497,6.0,28069,498,-60088.0
498,10.0,28134,499,-32240.5
499,3.0,28177,500,-35961.5
500,5.0,28239,501,-29459.0
501,9.0,28316,502,-28020.5
502,5.0,28370,503,-34062.5
503,6.0,28438,504,-31286.5
504,9.0,28509,505,-29002.0
505,6.0,28577,506,-28851.5
506,2.0,28627,507,-32551.5
507,3.0,28694,508,-27925.0
508,1.0,28746,509,-34237.0
509,10.0,28809,510,-31944.5
510,8.0,28852,511,-38274.5
511,9.0,28910,512,-35373.0
512,5.0,28967,513,-27704.5
513,5.0,29033,514,-26935.0
514,9.0,29089,515,-32002.0
515,4.0,29138,516,-34855.5
516,9.0,29209,517,-32552.5
517,12.0,29275,518,-33612.5
518,8.0,29338,519,-27769.5
519,1.0,29395,520,-30484.5
520,8.0,29465,521,-28454.5
521,3.0,29509,522,-33512.0
522,10.0,29574,523,-32455.0
523,3.0,29633,524,-38031.0
524,5.0,29690,525,-33753.0
525,11.0,29758,526,-33075.0
526,4.0,29808,527,-39709.0
527,7.0,29873,528,-27083.0
528,9.0,29942,529,-28189.0
529,3.0,30000,530,-37797.0
530,7.0,30085,531,-62767.0
531,14.0,30167,532,-26833.0
532,8.0,30237,533,-34919.5
533,8.0,30301,534,-30727.0
534,8.0,30356,535,-34475.5
535,5.0,30404,536,-33865.5
536,8.0,30468,537,-31273.0
537,6.0,30536,538,-29503.5
538,8.0,30603,539,-31028.5
539,6.0,30659,540,-34819.0
540,12.0,30728,541,-32758.0
541,6.0,30770,542,-39116.0
542,6.0,30826,543,-29569.0
543,7.0,30892,544,-28448.5
544,6.0,30957,545,-30420.0
545,5.0,31023,546,-29771.5
546,9.0,31094,547,-31236.0
547,6.0,31158,548,-28663.0
548,5.0,31220,549,-26688.5
549,3.0,31275,550,-33182.0
550,1.0,31324,551,-30379.0
551,5.0,31382,552,-31853.0
552,8.0,31431,553,-33335.0
553,9.0,31502,554,-29813.5
554,5.0,31557,555,-32513.5
555,8.0,31614,556,-28960.5
556,6.0,31665,557,-37842.5
557,2.0,31705,558,-45734.0
558,8.0,31766,559,-28791.5
559,7.0,31838,560,-32136.0
560,2.0,31901,561,-29262.0
561,6.0,31958,562,-32506.0
562,8.0,32024,563,-31219.5
563,11.0,32090,564,-28316.5
564,3.0,32151,565,-26898.0
565,7.0,32199,566,-32611.0
566,4.0,32257,567,-33940.5
567,8.0,32312,568,-35426.5
568,7.0,32374,569,-27938.5
569,7.0,32433,570,-28551.0
570,4.0,32482,571,-45348.5
571,6.0,32538,572,-31310.5
572,7.0,32604,573,-28338.5
573,8.0,32644,574,-44821.5
574,4.0,32692,575,-40203.5
575,5.0,32740,576,-35461.0
576,2.0,32785,577,-36006.0
577,9.0,32843,578,-33969.0
578,1.0,32908,579,-26802.0
579,4.0,32947,580,-41982.5
580,5.0,32995,581,-35537.5
581,9.0,33066,582,-28577.5
582,5.0,33104,583,-47042.5
583,7.0,33167,584,-25608.0
584,6.0,33230,585,-34725.5
585,17.0,33324,586,-64114.5
586,3.0,33390,587,-30549.5
587,11.0,33446,588,-32847.5
588,4.0,33494,589,-36187.0
589,4.0,33570,590,-26855.5
590,2.0,33626,591,-28722.5
591,7.0,33668,592,-40323.5
592,7.0,33720,593,-33987.0
593,6.0,33782,594,-32232.5
594,17.0,33845,595,-32286.5
595,4.0,33883,596,-46023.5
596,4.0,33929,597,-36200.5
597,7.0,33986,598,-32267.0
598,8.0,34053,599,-31429.0
599,4.0,34098,600,-37234.0
600,8.0,34140,601,-42502.0
601,6.0,34205,602,-27284.0
602,6.0,34262,603,-30931.5
603,7.0,34322,604,-35050.5
604,5.0,34384,605,-31548.0
605,8.0,34448,606,-29951.0
606,5.0,34491,607,-39017.5
607,5.0,34528,608,-49881.5
608,6.0,34568,609,-43160.5
609,7.0,34631,610,-33174.0
610,8.0,34682,611,-39113.5
611,3.0,34736,612,-34931.0
612,5.0,34776,613,-38982.0
613,2.0,34824,614,-39857.5
614,5.0,34870,615,-42061.5
615,3.0,34917,616,-35625.5
616,6.0,34970,617,-36559.0
617,11.0,35033,618,-34277.0
618,5.0,35091,619,-38117.5
619,3.0,35150,620,-34285.5
620,9.0,35208,621,-36787.0
621,6.0,35250,622,-40190.5
622,7.0,35306,623,-31017.5
623,3.0,35369,624,-29954.0
624,9.0,35428,625,-29210.0
625,6.0,35491,626,-32149.5
626,7.0,35539,627,-40598.0
627,8.0,35598,628,-37265.5
628,5.0,35659,629,-26915.0
629,7.0,35722,630,-31972.5
630,4.0,35775,631,-41391.5
631,7.0,35827,632,-32111.0
632,1.0,35899,633,-26925.0
633,9.0,35969,634,-27502.5
634,7.0,36006,635,-45305.0
635,7.0,36079,636,-31199.5
636,4.0,36125,637,-40872.5
637,2.0,36172,638,-34453.5
638,9.0,36233,639,-32284.0
639,7.0,36274,640,-36877.5
640,6.0,36330,641,-29837.5
641,4.0,36371,642,-39996.0
642,8.0,36441,643,-30087.5
643,8.0,36491,644,-33502.0
644,2.0,36538,645,-41330.5
645,4.0,36583,646,-39664.5
646,3.0,36628,647,-35758.0
647,5.0,36690,648,-28613.5
648,9.0,36754,649,-34085.5
649,4.0,36801,650,-34028.0
650,9.0,36861,651,-33482.5
651,5.0,36965,652,-75275.0
652,4.0,37027,653,-30223.5
653,6.0,37088,654,-28687.5
654,2.0,37124,655,-48875.0
655,10.0,37177,656,-32564.0
656,7.0,37224,657,-44249.5
657,9.0,37274,658,-43562.0
658,7.0,37315,659,-40283.5
659,4.0,37368,660,-32038.0
660,2.0,37412,661,-39807.5
661,11.0,37472,662,-30594.5
662,9.0,37526,663,-35868.0
663,7.0,37582,664,-50322.0
664,5.0,37642,665,-38233.0
665,6.0,37696,666,-47170.5
666,3.0,37739,667,-36416.5
667,8.0,37808,668,-30832.0
668,5.0,37861,669,-34595.5
669,7.0,37905,670,-48998.0
670,3.0,37950,671,-38728.5
671,8.0,38009,672,-32000.5
672,6.0,38064,673,-31282.5
673,4.0,38113,674,-33641.5
674,9.0,38181,675,-29156.5
675,7.0,38229,676,-37225.0
676,7.0,38296,677,-29433.0
677,4.0,38343,678,-39811.5
678,7.0,38400,679,-33588.5
679,7.0,38447,680,-35459.0
680,8.0,38509,681,-33006.0
681,8.0,38576,682,-34649.0
682,4.0,38621,683,-36072.5
683,7.0,38682,684,-31392.0
684,7.0,38746,685,-31446.5
685,6.0,38810,686,-28456.0
686,6.0,38887,687,-30422.0
687,7.0,38937,688,-41314.0
688,3.0,38992,689,-30534.5
689,9.0,39054,690,-32528.5
690,5.0,39109,691,-31608.5
691,9.0,39156,692,-41145.5
692,7.0,39203,693,-39664.0
693,9.0,39260,694,-43584.5
694,5.0,39311,695,-37039.0
695,5.0,39361,696,-40772.5
696,7.0,39429,697,-31509.5
697,2.0,39471,698,-38351.5
698,4.0,39530,699,-29114.5
699,6.0,39593,700,-32982.0
700,6.0,39660,701,-29912.0
701,7.0,39730,702,-30401.0
702,10.0,39787,703,-37168.5
703,5.0,39852,704,-30575.0
704,10.0,39925,705,-31262.5
705,8.0,39969,706,-42338.5
706,9.0,40035,707,-32183.5
707,8.0,40082,708,-36123.0
708,5.0,40142,709,-29465.5
709,10.0,40211,710,-34101.0
710,1.0,40266,711,-40004.0
711,4.0,40327,712,-30623.5
712,12.0,40399,713,-29466.5
713,4.0,40447,714,-33768.5
714,14.0,40510,715,-30275.5
715,5.0,40567,716,-29430.5
716,9.0,40618,717,-34172.0
717,6.0,40684,718,-30382.5
718,5.0,40732,719,-36630.5
719,3.0,40774,720,-35957.5
720,11.0,40831,721,-34378.0
721,6.0,40897,722,-32199.5
722,5.0,40946,723,-36928.5
723,7.0,41015,724,-30114.0
724,3.0,41062,725,-39386.5
725,5.0,41135,726,-28606.5
726,9.0,41202,727,-39885.0
727,6.0,41247,728,-36052.0
728,4.0,41315,729,-31600.5
729,3.0,41376,730,-31321.5
730,9.0,41418,731,-44603.5
731,6.0,41464,732,-36131.5
732,5.0,41519,733,-33010.5
733,9.0,41567,734,-44190.0
734,6.0,41622,735,-29021.0
735,5.0,41680,736,-47526.0
736,8.0,41740,737,-32441.5
737,6.0,41798,738,-38167.5
738,6.0,41840,739,-39680.0
739,8.0,41887,740,-37986.0
740,8.0,41944,741,-31040.0
741,3.0,41999,742,-35620.0
742,9.0,42047,743,-33001.0
743,3.0,42114,744,-29106.5
744,8.0,42172,745,-33852.5
745,9.0,42210,746,-41268.0
746,4.0,42275,747,-34552.0
747,2.0,42323,748,-42317.5
748,6.0,42371,749,-41755.0
749,7.0,42415,750,-45561.5
750,6.0,42454,751,-41001.0
751,4.0,42508,752,-32198.5
752,3.0,42557,753,-38197.5
753,8.0,42625,754,-29344.0
754,8.0,42669,755,-37565.0
755,4.0,42726,756,-32511.5
756,2.0,42782,757,-27431.5
757,9.0,42828,758,-36411.0
758,8.0,42885,759,-34773.5
759,4.0,42929,760,-33759.0
760,7.0,42977,761,-34692.0
761,10.0,43039,762,-35937.0
762,10.0,43088,763,-35707.0
763,7.0,43136,764,-31550.5
764,11.0,43200,765,-26983.5
765,6.0,43256,766,-34058.0
766,8.0,43310,767,-39095.5
767,10.0,43377,768,-26483.5
768,6.0,43428,769,-33231.0
769,12.0,43489,770,-32005.0
770,9.0,43537,771,-36667.0
771,15.0,43606,772,-32130.5
772,6.0,43647,773,-35039.0
773,5.0,43705,774,-29984.5
774,6.0,43771,775,-31197.5
775,8.0,43817,776,-37671.0
776,0.0,43869,777,-36784.5
777,11.0,43924,778,-37943.5
778,1.0,43971,779,-40701.5
779,3.0,44031,780,-35187.5
780,5.0,44089,781,-32761.0
781,8.0,44146,782,-45955.5
782,14.0,44219,783,-28621.0
783,7.0,44284,784,-35621.5
784,5.0,44346,785,-32985.0
785,8.0,44389,786,-38877.5
786,6.0,44451,787,-28667.0
787,3.0,44497,788,-38029.0
788,5.0,44543,789,-39895.5
789,4.0,44588,790,-35553.0
790,8.0,44646,791,-35879.5
791,6.0,44703,792,-39875.5
792,4.0,44754,793,-32666.0
793,3.0,44805,794,-49668.0
794,6.0,44869,795,-30187.0
795,5.0,44907,796,-48180.5
796,10.0,44952,797,-35443.5
797,4.0,45010,798,-33973.5
798,5.0,45045,799,-47929.0
799,6.0,45095,800,-35156.5
800,3.0,45148,801,-36640.0
801,7.0,45217,802,-28157.5
802,5.0,45287,803,-30882.5
803,5.0,45330,804,-42302.5
804,5.0,45381,805,-36023.5
805,7.0,45444,806,-32727.5
806,4.0,45497,807,-35226.0
807,5.0,45535,808,-42086.0
808,10.0,45596,809,-45416.0
809,7.0,45641,810,-36930.5
810,5.0,45693,811,-48408.0
811,5.0,45751,812,-31955.0
812,4.0,45799,813,-36779.0
813,6.0,45847,814,-37339.5
814,7.0,45907,815,-40756.0
815,9.0,45969,816,-35952.0
816,7.0,46036,817,-31656.0
817,6.0,46091,818,-35756.0
818,8.0,46157,819,-31243.0
819,4.0,46204,820,-38762.5
820,10.0,46269,821,-31975.0
821,9.0,46345,822,-45656.0
822,7.0,46413,823,-33676.0
823,13.0,46487,824,-34737.5
824,5.0,46526,825,-40451.5
825,11.0,46585,826,-33098.5
826,5.0,46624,827,-41515.5
827,7.0,46691,828,-27742.5
828,6.0,46751,829,-32754.0
829,5.0,46798,830,-34305.0
830,10.0,46863,831,-29988.0
831,6.0,46927,832,-30251.0
832,5.0,46988,833,-36406.0
833,7.0,47035,834,-36011.5
834,3.0,47096,835,-32761.5
835,7.0,47162,836,-30970.5
836,15.0,47238,837,-28979.0
837,7.0,47288,838,-32404.5
838,5.0,47359,839,-34969.5
839,4.0,47417,840,-33537.0
840,5.0,47460,841,-41795.5
841,4.0,47521,842,-34478.0
842,3.0,47582,843,-33351.0
843,7.0,47646,844,-32062.5
844,9.0,47696,845,-31095.0
845,7.0,47764,846,-29381.5
846,7.0,47831,847,-31748.5
847,6.0,47889,848,-34473.5
848,10.0,47943,849,-30361.0
849,7.0,47996,850,-29321.0
850,4.0,48051,851,-38512.0
851,4.0,48121,852,-34235.5
852,5.0,48170,853,-40651.0
853,5.0,48209,854,-43862.0
854,4.0,48278,855,-30089.5
855,6.0,48344,856,-31071.0
856,3.0,48422,857,-30970.0
857,5.0,48481,858,-31445.0
858,6.0,48540,859,-44432.5
859,8.0,48599,860,-36855.0
860,3.0,48647,861,-39115.0
861,12.0,48709,862,-30294.5
862,5.0,48778,863,-29463.0
863,11.0,48844,864,-33672.0
864,3.0,48914,865,-34206.5
865,4.0,48980,866,-27811.0
866,12.0,49049,867,-29247.0
867,2.0,49108,868,-33765.5
868,3.0,49153,869,-37825.0
869,4.0,49207,870,-34297.0
870,5.0,49275,871,-36011.0
871,10.0,49338,872,-32303.0
872,7.0,49391,873,-37826.5
873,6.0,49455,874,-34324.0
874,6.0,49517,875,-26783.0
875,12.0,49585,876,-28070.5
876,9.0,49654,877,-30210.0
877,8.0,49714,878,-37134.0
878,4.0,49774,879,-28301.0
879,8.0,49818,880,-35853.0
880,5.0,49877,881,-29937.5
881,3.0,49955,882,-58365.0
882,10.0,50028,883,-26348.0
883,5.0,50068,884,-43855.0
884,7.0,50122,885,-35639.0
885,10.0,50190,886,-28637.5
886,5.0,50247,887,-29185.5
887,8.0,50298,888,-31669.5
888,9.0,50361,889,-29215.0
889,7.0,50427,890,-29481.5
890,8.0,50480,891,-29519.0
891,6.0,50537,892,-29851.5
892,4.0,50603,893,-29856.0
893,9.0,50669,894,-28371.5
894,10.0,50744,895,-29336.0
895,8.0,50807,896,-26649.5
896,3.0,50859,897,-30312.0
897,5.0,50907,898,-36347.5
898,9.0,50969,899,-29396.0
899,9.0,51032,900,-27244.0
900,6.0,51084,901,-32713.5
901,6.0,51135,902,-34044.0
902,6.0,51196,903,-30627.5
903,6.0,51261,904,-31050.5
904,8.0,51331,905,-29924.5
905,6.0,51378,906,-33049.5
906,5.0,51426,907,-39858.0
907,6.0,51493,908,-30723.0
908,8.0,51560,909,-34345.5
909,9.0,51634,910,-27741.0
910,5.0,51697,911,-26995.5
911,8.0,51748,912,-32323.0
912,7.0,51803,913,-28831.0
913,8.0,51871,914,-31749.5
914,6.0,51925,915,-36706.0
915,8.0,51982,916,-34383.5
916,9.0,52055,917,-26765.5
917,9.0,52119,918,-30584.5
918,4.0,52176,919,-29910.0
919,5.0,52232,920,-34453.0
920,10.0,52285,921,-33641.0
921,9.0,52353,922,-36294.0
922,8.0,52411,923,-33122.0
923,8.0,52474,924,-33065.5
924,5.0,52533,925,-31781.0
925,7.0,52604,926,-32209.0
926,9.0,52658,927,-29756.0
927,7.0,52716,928,-30472.0
928,2.0,52782,929,-26271.0
929,6.0,52850,930,-29400.5
930,12.0,52913,931,-33909.0
931,3.0,52970,932,-30272.5
932,5.0,53028,933,-36906.5
933,4.0,53067,934,-48576.0
934,4.0,53124,935,-31077.0
935,5.0,53185,936,-34103.5
936,3.0,53246,937,-33513.0
937,6.0,53299,938,-35168.0
938,5.0,53347,939,-38866.5
939,9.0,53413,940,-29841.0
940,5.0,53471,941,-34710.5
941,8.0,53538,942,-27415.0
942,5.0,53585,943,-38285.0
943,6.0,53639,944,-30556.5
944,6.0,53714,945,-28706.5
945,2.0,53755,946,-39878.0
946,8.0,53832,947,-43762.0
947,5.0,53899,948,-33569.5
948,10.0,53969,949,-26730.5
949,4.0,54023,950,-31945.0
950,6.0,54084,951,-32451.5
951,7.0,54137,952,-35263.5
952,3.0,54190,953,-34972.0
953,7.0,54261,954,-33769.5
954,13.0,54344,955,-26512.5
955,10.0,54415,956,-30379.0
956,5.0,54457,957,-37634.0
957,7.0,54510,958,-31352.0
958,8.0,54575,959,-33432.0
959,5.0,54624,960,-36012.5
960,7.0,54685,961,-29465.0
961,13.0,54766,962,-31491.0
962,3.0,54825,963,-28555.5
963,8.0,54892,964,-33195.0
964,11.0,54988,965,-74606.5
965,8.0,55049,966,-30339.5
966,13.0,55116,967,-28404.5
967,4.0,55184,968,-32891.5
968,6.0,55242,969,-35072.0
969,10.0,55305,970,-35242.0
970,6.0,55369,971,-31712.5
971,6.0,55430,972,-32407.0
972,8.0,55480,973,-37640.5
973,5.0,55539,974,-30490.0
974,7.0,55593,975,-32588.0
975,9.0,55664,976,-27689.5
976,10.0,55732,977,-27946.5
977,4.0,55804,978,-26628.0
978,8.0,55876,979,-29729.0
979,6.0,55936,980,-30692.5
980,6.0,55995,981,-36951.0
981,11.0,56064,982,-30369.0
982,8.0,56130,983,-31369.5
983,13.0,56197,984,-32453.0
984,7.0,56261,985,-29887.5
985,7.0,56336,986,-30196.5
986,4.0,56387,987,-37331.5
987,4.0,56442,988,-35181.5
988,6.0,56490,989,-35806.5
989,5.0,56553,990,-30160.0
990,7.0,56614,991,-34590.5
991,4.0,56677,992,-30849.5
992,9.0,56741,993,-28381.0
993,10.0,56788,994,-38633.0
994,6.0,56853,995,-35166.5
995,3.0,56909,996,-37338.0
996,13.0,56978,997,-41294.0
997,5.0,57036,998,-29344.5
998,11.0,57103,999,-34035.5
999,11.0,57180,1000,-26231.0
1000,7.0,57237,1001,-36339.0
1001,9.0,57307,1002,-32547.0
1002,6.0,57380,1003,-25034.0
1003,5.0,57442,1004,-30292.5
1004,6.0,57499,1005,-35017.0
1005,4.0,57554,1006,-34331.5
1006,7.0,57617,1007,-31257.5
1007,4.0,57679,1008,-28386.0
1008,5.0,57723,1009,-37786.5
1009,8.0,57789,1010,-30419.5
1010,5.0,57833,1011,-34556.0
1011,4.0,57876,1012,-38048.5
1012,9.0,57927,1013,-31307.0
1013,7.0,57998,1014,-25970.5
1014,8.0,58061,1015,-29199.5
1015,5.0,58108,1016,-35534.5
1016,11.0,58165,1017,-31249.5
1017,8.0,58228,1018,-33767.5
1018,11.0,58294,1019,-30660.0
1019,7.0,58344,1020,-33140.5
1020,11.0,58406,1021,-33093.0
1021,3.0,58470,1022,-33588.5
1022,4.0,58534,1023,-34093.5
1023,7.0,58601,1024,-32704.5
1024,7.0,58666,1025,-26216.0
1025,7.0,58726,1026,-32360.0
1026,6.0,58779,1027,-34999.0
1027,8.0,58848,1028,-29332.5
1028,5.0,58900,1029,-36667.5
1029,3.0,58943,1030,-45044.0
1030,3.0,59004,1031,-33043.0
1031,6.0,59079,1032,-28056.0
1032,7.0,59132,1033,-34137.5
1033,9.0,59199,1034,-31716.0
1034,3.0,59268,1035,-30011.5
1035,8.0,59330,1036,-28442.0
1036,8.0,59380,1037,-35028.5
1037,4.0,59437,1038,-28762.5
1038,4.0,59489,1039,-31785.5
1039,9.0,59556,1040,-34012.0
1040,10.0,59613,1041,-33538.0
1041,7.0,59662,1042,-34994.0
1042,6.0,59729,1043,-27744.0
1043,9.0,59797,1044,-28788.0
1044,9.0,59862,1045,-29396.5
1045,6.0,59927,1046,-30389.5
1046,11.0,60026,1047,-85426.5
1047,11.0,60094,1048,-29356.0
1048,9.0,60153,1049,-34166.0
1049,7.0,60208,1050,-30196.0
1050,8.0,60262,1051,-38675.0
1051,2.0,60307,1052,-36999.0
1052,6.0,60378,1053,-31133.5
1053,10.0,60448,1054,-35088.0
1054,6.0,60494,1055,-36293.5
1055,7.0,60553,1056,-29835.5
1056,4.0,60612,1057,-31105.5
1057,8.0,60664,1058,-31922.0
1058,12.0,60724,1059,-31505.5
1059,4.0,60779,1060,-34006.0
1060,5.0,60847,1061,-29536.5
1061,5.0,60907,1062,-28624.5
1062,6.0,60955,1063,-38190.5
1063,9.0,61028,1064,-30584.5
1064,3.0,61122,1065,-66727.0
1065,4.0,61174,1066,-38043.5
1066,8.0,61240,1067,-26787.0
1067,7.0,61310,1068,-30987.5
1068,11.0,61370,1069,-28248.0
1069,8.0,61439,1070,-28255.0
1070,6.0,61498,1071,-35443.0
1071,7.0,61549,1072,-36183.0
1072,7.0,61620,1073,-30767.5
1073,6.0,61685,1074,-34772.0
1074,9.0,61751,1075,-26887.0
1075,4.0,61795,1076,-35718.0
1076,10.0,61870,1077,-31336.0
1077,8.0,61939,1078,-35212.0
1078,7.0,62012,1079,-32249.0
1079,3.0,62058,1080,-34290.5
1080,4.0,62128,1081,-28126.5
1081,3.0,62178,1082,-38124.0
1082,8.0,62244,1083,-28659.0
1083,6.0,62300,1084,-33821.5
1084,3.0,62341,1085,-36726.0
1085,10.0,62403,1086,-28834.5
1086,7.0,62472,1087,-30024.0
1087,4.0,62536,1088,-28366.0
1088,5.0,62630,1089,-60612.0
1089,5.0,62686,1090,-38494.0
1090,8.0,62759,1091,-25868.5
1091,2.0,62814,1092,-32557.5
1092,5.0,62860,1093,-39780.0
1093,14.0,62932,1094,-32543.0
1094,7.0,62975,1095,-38904.0
1095,6.0,63033,1096,-31800.0
1096,4.0,63083,1097,-31676.5
1097,12.0,63153,1098,-30385.5
1098,7.0,63213,1099,-29216.0
1099,6.0,63269,1100,-31502.0
1100,7.0,63330,1101,-30338.0
1101,9.0,63395,1102,-30991.5
1102,3.0,63446,1103,-34030.5
1103,9.0,63509,1104,-31962.0
1104,6.0,63547,1105,-43320.5
1105,7.0,63613,1106,-26994.0
1106,7.0,63673,1107,-31279.5
1107,8.0,63726,1108,-31037.5
1108,7.0,63795,1109,-29768.5
1109,6.0,63847,1110,-36414.5
1110,9.0,63903,1111,-28563.0
1111,12.0,63970,1112,-30041.0
1112,8.0,64025,1113,-40711.5
1113,7.0,64072,1114,-37349.0
1114,7.0,64126,1115,-36747.5
1115,8.0,64187,1116,-36930.5
1116,6.0,64247,1117,-31869.0
1117,8.0,64312,1118,-30877.5
1118,6.0,64369,1119,-29386.0
1119,10.0,64437,1120,-32173.5
1120,6.0,64498,1121,-30734.5
1121,6.0,64542,1122,-36413.0
1122,8.0,64612,1123,-28503.5
1123,12.0,64679,1124,-31090.0
1124,5.0,64726,1125,-38194.0
1125,5.0,64782,1126,-31010.5
1126,5.0,64852,1127,-31006.0
1127,10.0,64891,1128,-40606.0
1128,6.0,64941,1129,-32942.0
1129,2.0,64985,1130,-39934.0
1130,5.0,65032,1131,-37157.5
1131,6.0,65090,1132,-31421.0
1132,8.0,65156,1133,-30073.5
1133,6.0,65209,1134,-33348.0
1134,7.0,65268,1135,-31560.5
1135,4.0,65321,1136,-30181.0
1136,5.0,65377,1137,-27564.0
1137,6.0,65436,1138,-25581.5
1138,8.0,65487,1139,-31437.5
1139,10.0,65564,1140,-28767.5
1140,10.0,65627,1141,-31048.5
1141,8.0,65694,1142,-30662.0
1142,4.0,65743,1143,-33982.0
1143,14.0,65807,1144,-30129.5
1144,7.0,65877,1145,-31374.5
1145,6.0,65944,1146,-27173.5
1146,9.0,66012,1147,-29615.0
1147,9.0,66075,1148,-31786.0
1148,6.0,66129,1149,-27682.0
1149,10.0,66183,1150,-32791.0
1150,7.0,66225,1151,-39673.0
1151,6.0,66295,1152,-24464.5
1152,10.0,66365,1153,-28622.5
1153,7.0,66407,1154,-37093.5
1154,4.0,66467,1155,-28909.0
1155,6.0,66505,1156,-44176.0
1156,11.0,66565,1157,-32139.5
1157,5.0,66627,1158,-27563.5
1158,4.0,66686,1159,-29737.5
1159,7.0,66729,1160,-34315.0
1160,8.0,66791,1161,-28476.0
1161,6.0,66861,1162,-27493.0
1162,8.0,66924,1163,-30753.5
1163,5.0,66980,1164,-31548.0
1164,6.0,67045,1165,-28994.5
1165,7.0,67105,1166,-29259.5
1166,5.0,67154,1167,-33968.0
1167,7.0,67217,1168,-35479.0
1168,5.0,67261,1169,-38276.5
1169,10.0,67330,1170,-31545.5
1170,7.0,67394,1171,-30827.5
1171,10.0,67463,1172,-32391.5
1172,6.0,67506,1173,-45335.0
1173,7.0,67559,1174,-33370.5
1174,3.0,67611,1175,-33945.5
1175,4.0,67668,1176,-31032.0
1176,6.0,67733,1177,-31127.0
1177,9.0,67784,1178,-32743.0
1178,5.0,67837,1179,-33048.5
1179,4.0,67894,1180,-30074.0
1180,8.0,67955,1181,-30221.5
1181,4.0,68008,1182,-33809.0
1182,10.0,68071,1183,-29109.0
1183,6.0,68117,1184,-33740.0
1184,10.0,68160,1185,-36338.5
1185,7.0,68224,1186,-32172.5
1186,12.0,68276,1187,-29519.5
1187,10.0,68343,1188,-31095.5
1188,3.0,68408,1189,-27272.0
1189,7.0,68463,1190,-29896.5
1190,4.0,68510,1191,-38102.0
1191,4.0,68570,1192,-34139.5
1192,8.0,68609,1193,-38434.5
1193,7.0,68675,1194,-25824.0
1194,9.0,68722,1195,-31614.0
1195,5.0,68770,1196,-35996.5
1196,9.0,68832,1197,-33063.5
1197,3.0,68878,1198,-35983.5
1198,7.0,68934,1199,-28457.5
1199,3.0,68972,1200,-45225.0
1200,6.0,69029,1201,-33477.0
1201,6.0,69080,1202,-33233.0
1202,12.0,69146,1203,-32268.5
1203,7.0,69213,1204,-26730.0
1204,6.0,69254,1205,-38114.5
1205,10.0,69322,1206,-30344.0
1206,7.0,69384,1207,-30674.5
1207,3.0,69428,1208,-34623.5
1208,2.0,69485,1209,-32810.0
1209,7.0,69540,1210,-35174.0
1210,14.0,69606,1211,-30297.5
1211,4.0,69666,1212,-26724.5
1212,11.0,69714,1213,-34036.5
1213,3.0,69762,1214,-36991.0
1214,2.0,69807,1215,-38177.5
1215,7.0,69853,1216,-35117.0
1216,6.0,69897,1217,-41184.5
1217,3.0,69955,1218,-28127.0
1218,6.0,69996,1219,-35536.0
1219,10.0,70047,1220,-33076.5
1220,9.0,70118,1221,-28647.5
1221,6.0,70191,1222,-30878.5
1222,6.0,70262,1223,-33818.0
1223,7.0,70306,1224,-35081.5
1224,10.0,70368,1225,-27350.5
1225,4.0,70424,1226,-32634.5
1226,12.0,70501,1227,-29320.0
1227,2.0,70560,1228,-32101.0
1228,5.0,70618,1229,-31127.0
1229,3.0,70668,1230,-36406.0
1230,9.0,70727,1231,-38824.5
1231,7.0,70775,1232,-37735.5
1232,10.0,70847,1233,-28723.0
1233,7.0,70923,1234,-31988.0
1234,6.0,70974,1235,-36934.5
1235,9.0,71035,1236,-32062.0
1236,13.0,71093,1237,-34460.5
1237,8.0,71141,1238,-36958.0
1238,4.0,71185,1239,-39318.5
1239,3.0,71234,1240,-35533.0
1240,7.0,71298,1241,-34481.5
1241,4.0,71357,1242,-34663.5
1242,4.0,71419,1243,-33305.0
1243,9.0,71460,1244,-48076.0
1244,4.0,71525,1245,-27961.0
1245,4.0,71582,1246,-32391.0
1246,4.0,71648,1247,-32116.0
1247,5.0,71694,1248,-37932.0
1248,1.0,71732,1249,-45174.0
1249,3.0,71774,1250,-40453.5
1250,7.0,71826,1251,-33325.0
1251,10.0,71895,1252,-33283.0
1252,3.0,71941,1253,-35385.0
1253,4.0,71997,1254,-29865.5
1254,6.0,72050,1255,-40687.0
1255,10.0,72119,1256,-30425.0
1256,5.0,72175,1257,-29953.0
1257,5.0,72233,1258,-35652.0
1258,5.0,72272,1259,-44515.0
1259,5.0,72332,1260,-30656.5
1260,2.0,72379,1261,-36662.0
1261,8.0,72428,1262,-34429.5
1262,4.0,72483,1263,-37554.0
1263,6.0,72538,1264,-36180.5
1264,7.0,72609,1265,-29615.0
1265,5.0,72663,1266,-31372.5
1266,5.0,72710,1267,-36621.5
1267,4.0,72755,1268,-39318.5
1268,12.0,72816,1269,-29999.0
1269,4.0,72857,1270,-40609.0
1270,4.0,72901,1271,-38458.0
1271,7.0,72973,1272,-29483.5
1272,7.0,73021,1273,-36749.5
1273,9.0,73088,1274,-32766.0
1274,4.0,73149,1275,-37974.0
1275,11.0,73196,1276,-35675.5
1276,6.0,73240,1277,-42031.5
1277,8.0,73298,1278,-32892.0
1278,8.0,73365,1279,-28317.5
1279,1.0,73407,1280,-38946.0
1280,10.0,73473,1281,-30098.0
1281,7.0,73518,1282,-39733.0
1282,6.0,73594,1283,-31530.0
1283,3.0,73647,1284,-33329.5
1284,13.0,73705,1285,-33174.0
1285,6.0,73769,1286,-30530.5
1286,11.0,73835,1287,-34717.5
1287,7.0,73886,1288,-32290.0
1288,7.0,73949,1289,-35727.5
1289,12.0,74014,1290,-33716.0
1290,4.0,74064,1291,-35001.5
1291,4.0,74122,1292,-29846.0
1292,5.0,74163,1293,-45027.5
1293,5.0,74221,1294,-36206.5
1294,12.0,74288,1295,-29021.0
1295,13.0,74364,1296,-28183.0
1296,6.0,74426,1297,-33069.0
1297,4.0,74478,1298,-37638.5
1298,7.0,74545,1299,-30395.0
1299,3.0,74591,1300,-40334.0
1300,8.0,74653,1301,-29568.0
1301,2.0,74697,1302,-39536.0
1302,5.0,74775,1303,-33304.0
1303,8.0,74829,1304,-37980.5
1304,3.0,74883,1305,-44674.5
1305,4.0,74930,1306,-36515.5
1306,4.0,74996,1307,-30108.5
1307,5.0,75056,1308,-29724.5
1308,11.0,75127,1309,-29565.0
1309,4.0,75178,1310,-36775.5
1310,2.0,75230,1311,-35221.0
1311,2.0,75293,1312,-34036.5
1312,9.0,75366,1313,-29058.5
1313,5.0,75427,1314,-28105.0
1314,5.0,75500,1315,-27876.5
1315,8.0,75569,1316,-29178.5
1316,5.0,75636,1317,-31236.0
1317,4.0,75689,1318,-36591.0
1318,9.0,75761,1319,-33641.5
1319,6.0,75806,1320,-37902.5
1320,8.0,75873,1321,-34479.5
1321,4.0,75939,1322,-26438.0
1322,4.0,76000,1323,-33475.0
1323,8.0,76046,1324,-43242.0
1324,6.0,76094,1325,-34313.5
1325,7.0,76135,1326,-38653.5
1326,11.0,76207,1327,-31392.5
1327,5.0,76282,1328,-29051.5
1328,2.0,76338,1329,-31413.5
1329,4.0,76399,1330,-31065.5
1330,11.0,76463,1331,-36741.5
1331,9.0,76526,1332,-30778.5
1332,8.0,76577,1333,-34319.0
1333,5.0,76644,1334,-37823.0
1334,14.0,76709,1335,-35524.0
