,collisions,step,episode_steps,reward,wait_average,accumulated_wait,throughput,stops
0,3.0,37,37,-149243.0,85.0872291904219,149243.0,1754,0.7805017103762828
1,6.0,81,44,-61022.0,34.86971428571429,61022.0,1750,0.7257142857142858
2,5.0,127,46,-190063.5,111.01839953271028,190063.5,1712,0.7973130841121495
3,8.0,196,69,-225668.5,124.81664823008849,225668.5,1808,0.8667035398230089
4,20.0,265,69,-302432.0,170.2882882882883,302432.0,1776,0.8907657657657657
5,13.0,327,62,-199925.5,110.21251378169791,199925.5,1814,0.8004410143329658
6,3.0,375,48,-65924.5,37.2454802259887,65924.5,1770,0.7451977401129943
7,9.0,440,65,-287345.5,162.52573529411765,287345.5,1768,0.875
8,4.0,480,40,-83946.5,49.120245757753075,83946.5,1709,0.7952018724400234
9,8.0,529,49,-54307.5,30.339385474860336,54307.5,1790,0.7027932960893855
10,19.0,602,73,-300588.0,173.34948096885813,300588.0,1734,0.850634371395617
11,8.0,640,38,-80505.0,44.30654925701706,80505.0,1817,0.747936158503027
12,10.0,685,45,-59547.0,34.32103746397694,59547.0,1735,0.7602305475504323
13,5.0,736,51,-62450.0,34.810479375696765,62450.0,1794,0.7597547380156076
14,5.0,788,52,-63600.5,36.36392224128073,63600.5,1749,0.7267009719839909
15,11.0,834,46,-153802.5,82.82310177705978,153802.5,1857,0.8002154011847065
16,3.0,871,37,-58933.0,33.52275312855517,58933.0,1758,0.6939704209328783
17,10.0,910,39,-109225.5,63.39262913522925,109225.5,1723,0.7394080092861288
18,5.0,954,44,-62181.0,37.36838942307692,62181.0,1664,0.7277644230769231
19,15.0,1026,72,-422009.5,235.36503067484662,422009.5,1793,0.8310094813162298
20,5.0,1074,48,-220380.5,122.09445983379501,220380.5,1805,0.7650969529085873
21,25.0,1162,88,-433467.5,245.59065155807366,433467.5,1765,0.8124645892351274
22,5.0,1206,44,-114724.5,66.23816397228637,114724.5,1732,0.7546189376443418
23,23.0,1272,66,-170711.0,97.05002842524162,170711.0,1759,0.8590108015918135
24,5.0,1331,59,-171823.5,98.5226490825688,171823.5,1744,0.7987385321100917
25,5.0,1376,45,-115022.0,65.31629755820556,115022.0,1761,0.8012492901760363
26,3.0,1425,49,-109364.0,60.35540838852097,109364.0,1812,0.739514348785872
27,15.0,1488,63,-193549.0,105.36145890038105,193549.0,1837,0.8312465977136636
28,5.0,1526,38,-67090.0,38.91531322505801,67090.0,1724,0.7447795823665894
29,6.0,1571,45,-64041.5,36.595142857142854,64041.5,1750,0.692
30,5.0,1631,60,-207917.5,118.33665338645419,207917.5,1757,0.8981217985202049
31,8.0,1680,49,-89665.5,48.678338762214985,89665.5,1842,0.7633007600434311
32,9.0,1732,52,-125704.5,69.14438943894389,125704.5,1818,0.7585258525852585
33,9.0,1775,43,-75581.0,41.803650442477874,75581.0,1808,0.7323008849557522
34,25.0,1851,76,-162404.0,87.8334234721471,162404.0,1849,0.7739318550567874
35,7.0,1903,52,-75853.5,41.49535010940919,75853.5,1828,0.7614879649890591
36,4.0,1938,35,-73566.5,40.53250688705234,73566.5,1815,0.7322314049586777
37,18.0,2003,65,-582074.0,329.04126625211984,582074.0,1769,0.896551724137931
38,6.0,2071,68,-272193.0,148.98357963875205,272193.0,1827,0.7438423645320197
39,4.0,2124,53,-89954.0,49.2089715536105,89954.0,1828,0.7850109409190372
40,8.0,2166,42,-55184.5,32.23393691588785,55184.5,1712,0.6991822429906542
41,10.0,2227,61,-224036.5,127.5108138873079,224036.5,1757,0.7734775184974388
42,14.0,2291,64,-283826.0,156.983407079646,283826.0,1808,0.808075221238938
43,14.0,2366,75,-260213.5,148.35433295324972,260213.5,1754,0.8933865450399088
44,4.0,2413,47,-87010.0,49.01971830985916,87010.0,1775,0.744225352112676
45,27.0,2501,88,-707343.5,384.21700162954915,707343.5,1841,0.9467680608365019
46,12.0,2564,63,-232767.0,130.47477578475338,232767.0,1784,0.7982062780269058
47,25.0,2664,100,-357948.0,196.67472527472526,357948.0,1820,0.8357142857142857
48,13.0,2727,63,-303974.5,178.7034097589653,303974.5,1701,0.8459729570840682
49,20.0,2816,89,-478027.5,273.47110983981696,478027.5,1748,0.8369565217391305
50,9.0,2861,45,-53123.0,30.373356203544883,53123.0,1749,0.7667238421955404
51,17.0,2959,98,-529963.0,301.4579067121729,529963.0,1758,0.8646188850967008
52,6.0,3038,79,-461462.0,254.9513812154696,461462.0,1810,0.9314917127071823
53,21.0,3121,83,-230782.5,126.80357142857143,230782.5,1820,0.7824175824175824
54,5.0,3158,37,-68524.5,39.2016590389016,68524.5,1748,0.7648741418764302
55,9.0,3218,60,-353622.5,198.55277933745086,353622.5,1781,0.9062324536777091
56,9.0,3270,52,-215614.0,124.41661858049625,215614.0,1733,0.778995960761685
57,19.0,3346,76,-312025.0,168.57104267963263,312025.0,1851,0.8762830902215019
58,22.0,3452,106,-376231.5,203.91951219512194,376231.5,1845,0.9013550135501355
59,15.0,3518,66,-58733.5,32.57542983915696,58733.5,1803,0.7609539656128674
60,21.0,3630,112,-485642.5,277.03508271534514,485642.5,1753,0.9355390758699372
61,8.0,3694,64,-140730.0,78.09655937846837,140730.0,1802,0.767480577136515
62,9.0,3754,60,-126753.0,73.69360465116279,126753.0,1720,0.7703488372093024
63,14.0,3820,66,-379287.0,218.10638297872342,379287.0,1739,0.9223691776883266
64,20.0,3908,88,-460401.0,258.94319460067493,460401.0,1778,0.8830146231721034
65,19.0,4014,106,-243218.5,134.22654525386312,243218.5,1812,0.8520971302428256
66,21.0,4103,89,-492741.5,273.59328151027205,492741.5,1801,0.818989450305386
67,22.0,4204,101,-437252.0,244.00223214285714,437252.0,1792,0.9430803571428571
68,18.0,4321,117,-738588.5,411.4699164345404,738588.5,1795,0.8818941504178273
69,16.0,4407,86,-496444.0,277.18816303740925,496444.0,1791,0.9408151870463428
70,6.0,4491,84,-357668.0,202.0723163841808,357668.0,1770,0.9508474576271186
71,16.0,4597,106,-302023.5,174.88332368268675,302023.5,1727,0.8772437753329473
72,18.0,4709,112,-359816.0,205.96222095020033,359816.0,1747,0.882655981682885
73,17.0,4834,125,-483000.5,280.0002898550725,483000.5,1725,0.9646376811594203
74,15.0,4933,99,-425042.0,247.83790087463558,425042.0,1715,0.9224489795918367
75,14.0,5027,94,-291319.0,162.6571747627024,291319.0,1791,0.84142936906756
76,23.0,5146,119,-371648.0,214.82543352601155,371648.0,1730,0.9190751445086706
77,11.0,5226,80,-240975.0,139.37246963562754,240975.0,1729,0.8756506651243493
78,23.0,5345,119,-647108.5,362.1200335758254,647108.5,1787,0.923335198656967
79,18.0,5453,108,-645009.5,375.6607454863133,645009.5,1717,0.9411764705882353
80,14.0,5541,88,-443859.5,252.76736902050115,443859.5,1756,0.9037585421412301
81,16.0,5641,100,-535554.5,287.93252688172043,535554.5,1860,0.9290322580645162
82,14.0,5765,124,-403362.5,228.1462104072398,403362.5,1768,0.9417420814479638
83,17.0,5855,90,-256970.5,145.7575155984118,256970.5,1763,0.8428814520703346
84,16.0,5958,103,-524601.5,290.7990576496674,524601.5,1804,0.8220620842572062
85,10.0,6059,101,-650743.0,369.95054007959067,650743.0,1759,0.8226264923251848
86,16.0,6143,84,-225388.5,123.09584926269798,225388.5,1831,0.8290551611141452
87,15.0,6240,97,-348176.5,190.5727969348659,348176.5,1827,0.8921729611384783
88,8.0,6332,92,-421245.0,233.76526082130965,421245.0,1802,0.8862375138734739
89,17.0,6425,93,-417737.0,237.0811577752554,417737.0,1762,0.8643586833144155
90,13.0,6533,108,-700802.0,375.7651474530831,700802.0,1865,0.8327077747989277
91,13.0,6634,101,-539729.5,303.3892636312535,539729.5,1779,0.8920741989881956
92,16.0,6737,103,-585503.0,334.57314285714284,585503.0,1750,0.8491428571428571
93,4.0,6804,67,-321219.0,174.2913727618014,321219.0,1843,0.8534997287032013
94,7.0,6875,71,-402941.5,233.7247679814385,402941.5,1724,0.7836426914153132
95,8.0,6971,96,-497535.5,263.9445623342175,497535.5,1885,0.8482758620689655
96,8.0,7079,108,-410132.5,226.9687327061428,410132.5,1807,0.8588821250691754
97,9.0,7197,118,-608690.0,356.3758782201405,608690.0,1708,0.8366510538641686
98,5.0,7295,98,-620448.5,352.3273708120386,620448.5,1761,0.9625212947189097
99,13.0,7419,124,-128043.5,73.97082611207395,128043.5,1731,0.8867706528018486
100,13.0,7536,117,-792208.0,473.8086124401914,792208.0,1672,0.965311004784689
101,6.0,7640,104,-559039.0,305.65281574630944,559039.0,1829,0.9464188080918535
102,14.0,7742,102,-262993.0,151.6683967704729,262993.0,1734,0.9204152249134948
103,18.0,7852,110,-152093.5,87.41005747126437,152093.5,1740,0.9155172413793103
104,10.0,7965,113,-513810.5,276.0937667920473,513810.5,1861,0.8887694787748522
105,14.0,8077,112,-420399.5,236.978297632469,420399.5,1774,0.8906426155580609
106,4.0,8187,110,-298070.0,166.2409369771333,298070.0,1793,0.7841606246514222
107,5.0,8307,120,-624743.0,354.16269841269843,624743.0,1764,0.7437641723356009
108,20.0,8402,95,-265145.0,152.82132564841498,265145.0,1735,0.8357348703170029
109,23.0,8499,97,-530888.0,303.7116704805492,530888.0,1748,0.8764302059496567
110,38.0,8602,103,-358691.5,207.93710144927536,358691.5,1725,0.8904347826086957
111,38.0,8714,112,-417727.5,229.0172697368421,417727.5,1824,0.9133771929824561
112,36.0,8812,98,-188594.5,109.83954571927781,188594.5,1717,0.8456610366919045
113,36.0,8927,115,-124968.0,68.47561643835617,124968.0,1825,0.8936986301369862
114,39.0,9038,111,-130931.5,73.10524846454494,130931.5,1791,0.8888888888888888
115,39.0,9147,109,-158871.0,88.0659645232816,158871.0,1804,0.8963414634146342
116,34.0,9263,116,-187141.0,103.96722222222222,187141.0,1800,0.9311111111111111
117,33.0,9372,109,-218602.0,119.97914379802415,218602.0,1822,0.9132821075740944
118,37.0,9505,133,-238821.5,133.71864501679732,238821.5,1786,0.9025755879059351
119,45.0,9625,120,-124858.5,70.18465430016863,124858.5,1779,0.880831928049466
120,50.0,9754,129,-220434.5,123.21660145332588,220434.5,1789,0.8842929010620458
121,36.0,9868,114,-221491.5,122.37099447513812,221491.5,1810,0.9259668508287293
122,41.0,10008,140,-239594.0,132.96004439511654,239594.0,1802,0.8718091009988901
123,55.0,10115,107,-137465.5,77.22780898876404,137465.5,1780,0.8831460674157303
124,44.0,10219,104,-111370.0,62.9920814479638,111370.0,1768,0.8800904977375565
125,31.0,10318,99,-130188.5,75.86742424242425,130188.5,1716,0.865967365967366
126,34.0,10405,87,-241702.5,141.34649122807016,241702.5,1710,0.7783625730994153
127,29.0,10505,100,-190152.0,107.12788732394367,190152.0,1775,0.8845070422535212
128,46.0,10586,81,-146400.5,85.21565774155995,146400.5,1718,0.7677532013969732
129,32.0,10664,78,-216951.0,125.91468369123622,216951.0,1723,0.791642484039466
130,40.0,10735,71,-178819.5,102.59294320137694,178819.5,1743,0.7848537005163512
131,31.0,10843,108,-153111.0,85.01443642420877,153111.0,1801,0.8811771238200999
132,45.0,10929,86,-176204.0,104.82093991671624,176204.0,1681,0.8530636525877454
133,35.0,10993,64,-188664.5,110.65366568914956,188664.5,1705,0.8099706744868035
134,30.0,11072,79,-322740.5,181.51884139482564,322740.5,1778,0.8678290213723284
135,39.0,11149,77,-283717.5,157.01023796347536,283717.5,1807,0.805201992252352
136,37.0,11265,116,-337353.0,190.05802816901408,337353.0,1775,0.8061971830985916
137,35.0,11356,91,-596020.0,338.0714690867839,596020.0,1763,0.784458309699376
138,39.0,11445,89,-467932.0,266.62792022792024,467932.0,1755,0.878062678062678
139,35.0,11545,100,-718165.0,389.24932249322495,718165.0,1845,0.9018970189701897
140,25.0,11713,168,-632297.5,356.6257755217146,632297.5,1773,0.8448956570783982
141,31.0,11872,159,-468796.5,261.16796657381616,468796.5,1795,0.9086350974930362
142,21.0,11982,110,-579707.5,323.3170663692136,579707.5,1793,0.7668711656441718
143,31.0,12060,78,-268908.0,155.16907097518754,268908.0,1733,0.8072706289671091
144,28.0,12175,115,-633874.5,369.6061224489796,633874.5,1715,0.7795918367346939
145,42.0,12288,113,-347123.5,192.41879157427937,347123.5,1804,0.906319290465632
146,37.0,12405,117,-429283.5,235.4818979703785,429283.5,1823,0.8968732857926495
147,27.0,12697,292,-512054.5,280.7316337719298,512054.5,1824,0.9177631578947368
148,51.0,12801,104,-299485.5,171.03683609366075,299485.5,1751,0.8812107367218732
149,48.0,12983,182,-324830.0,182.89977477477478,324830.0,1776,0.8406531531531531
150,24.0,13149,166,-271923.5,158.55597667638483,271923.5,1715,0.8664723032069971
151,43.0,13249,100,-256526.0,151.075382803298,256526.0,1698,0.7756183745583038
152,39.0,13381,132,-209061.5,116.14527777777778,209061.5,1800,0.9527777777777777
153,42.0,13618,237,-427494.5,242.20651558073655,427494.5,1765,0.9161473087818697
154,32.0,13794,176,-430187.0,250.83790087463558,430187.0,1715,0.8956268221574344
155,24.0,13948,154,-434613.0,244.5768148564997,434613.0,1777,0.9206527855936972
156,37.0,14149,201,-545858.5,293.94641895530424,545858.5,1857,0.9127625201938611
157,30.0,14355,206,-547048.0,312.5988571428571,547048.0,1750,0.9417142857142857
158,23.0,14523,168,-508330.5,300.4317375886525,508330.5,1692,0.956855791962175
159,23.0,14700,177,-248246.0,146.02705882352942,248246.0,1700,0.9247058823529412
160,39.0,14951,251,-401850.0,219.71022416621105,401850.0,1829,0.9032258064516129
161,19.0,15248,297,-670686.5,392.9036321031049,670686.5,1707,0.9302870533099004
162,39.0,15449,201,-485430.0,283.04956268221576,485430.0,1715,0.9422740524781341
163,36.0,15646,197,-568897.5,312.4093904448105,568897.5,1821,0.9214717188358045
164,28.0,15940,294,-552786.5,324.40522300469485,552786.5,1704,0.9559859154929577
165,27.0,16159,219,-663336.5,372.24270482603816,663336.5,1782,0.9242424242424242
166,32.0,16354,195,-815657.0,455.67430167597763,815657.0,1790,0.9435754189944134
167,30.0,16485,131,-589675.0,329.79586129753915,589675.0,1788,0.7265100671140939
168,23.0,16664,179,-595824.0,321.8930307941653,595824.0,1851,0.9643435980551054
169,6.0,16858,194,-569586.0,311.589715536105,569586.0,1828,0.9589715536105032
170,54.0,17027,169,-977013.5,533.8871584699453,977013.5,1830,0.7928961748633879
171,26.0,17207,180,-728249.0,411.4401129943503,728249.0,1770,0.7468926553672316
172,31.0,17343,136,-626443.0,349.5775669642857,626443.0,1792,0.9782366071428571
173,23.0,17477,134,-486539.5,281.3993637941006,486539.5,1729,0.7657605552342395
174,45.0,17796,319,-643237.0,348.0719696969697,643237.0,1848,0.9031385281385281
175,28.0,18043,247,-656352.5,375.05857142857144,656352.5,1750,0.9285714285714286
176,26.0,18247,204,-693119.5,392.9248866213152,693119.5,1764,0.9455782312925171
177,25.0,18416,169,-919071.0,516.042111173498,919071.0,1781,0.7686692869174621
178,30.0,18781,365,-971598.0,542.7921787709497,971598.0,1790,0.9340782122905028
179,33.0,18998,217,-494930.0,296.0107655502392,494930.0,1672,0.8696172248803827
180,42.0,19304,306,-899248.5,538.4721556886227,899248.5,1670,0.9497005988023952
181,22.0,19373,69,-337216.5,185.89663726571115,337216.5,1814,0.8594266813671444
182,21.0,19572,199,-675099.0,360.6298076923077,675099.0,1872,0.8723290598290598
183,51.0,19812,240,-682273.0,383.51489600899384,682273.0,1779,0.8785834738617201
184,24.0,20089,277,-1262532.5,694.0805387575591,1262532.5,1819,0.8361737218251787
185,34.0,20298,209,-920545.5,509.99750692520774,920545.5,1805,0.785595567867036
186,26.0,20376,78,-342327.5,188.09203296703296,342327.5,1820,0.8615384615384616
187,30.0,20808,432,-1426097.0,828.1631823461091,1426097.0,1722,0.8013937282229965
188,32.0,21012,204,-661964.0,382.19630484988454,661964.0,1732,0.9295612009237876
189,26.0,21242,230,-614887.0,343.12890625,614887.0,1792,0.9386160714285714
190,20.0,21370,128,-467142.5,252.6460248783126,467142.5,1849,0.9226608977825852
191,26.0,21542,172,-388162.0,219.54864253393666,388162.0,1768,0.9032805429864253
192,50.0,21832,290,-653439.5,356.68094978165936,653439.5,1832,0.9061135371179039
193,41.0,21993,161,-421162.0,232.5577029265599,421162.0,1811,0.9447818884594147
194,28.0,22276,283,-840335.5,459.70213347921225,840335.5,1828,0.9173960612691466
195,34.0,22359,83,-439310.5,240.0603825136612,439310.5,1830,0.8989071038251366
196,36.0,22485,126,-297295.5,171.8471098265896,297295.5,1730,0.9167630057803469
197,24.0,22875,390,-1020263.5,569.3434709821429,1020263.5,1792,0.9029017857142857
198,24.0,22940,65,-308385.5,178.0516743648961,308385.5,1732,0.8695150115473441
199,59.0,23241,301,-1179974.0,680.8851702250432,1179974.0,1733,0.7426428159261397
200,24.0,23501,260,-563182.5,318.5421380090498,563182.5,1768,0.9111990950226244
201,38.0,23627,126,-229223.0,130.09250851305336,229223.0,1762,0.8967082860385925
202,17.0,23722,95,-540209.0,291.8471096704484,540209.0,1851,0.9189627228525121
203,32.0,23827,105,-220509.5,125.78978893325727,220509.5,1753,0.8830576155162578
204,31.0,23957,130,-260014.5,147.98776323278315,260014.5,1757,0.8907228229937393
205,30.0,24049,92,-322534.0,184.83323782234956,322534.0,1745,0.8911174785100286
206,14.0,24154,105,-1051036.0,589.8069584736252,1051036.0,1782,0.9388327721661055
207,33.0,24279,125,-242762.5,139.84014976958525,242762.5,1736,0.9193548387096774
208,40.0,24460,181,-357581.5,204.21559109080525,357581.5,1751,0.9017704169046259
209,31.0,24598,138,-545140.5,304.20786830357144,545140.5,1792,0.8392857142857143
210,32.0,24683,85,-354541.5,202.9430452203778,354541.5,1747,0.8786491127647396
211,39.0,24832,149,-460868.0,263.65446224256294,460868.0,1748,0.8770022883295194
212,62.0,25019,187,-591176.0,335.51418842224746,591176.0,1762,0.9120317820658342
213,43.0,25174,155,-450656.0,254.03382187147687,450656.0,1774,0.910935738444194
214,45.0,25397,223,-832623.5,467.76601123595503,832623.5,1780,0.9320224719101123
215,40.0,25513,116,-400905.5,222.47807991120976,400905.5,1802,0.8562708102108768
216,30.0,25693,180,-588003.5,329.78323051037574,588003.5,1783,0.7661245092540662
217,49.0,25812,119,-501930.5,276.39344713656385,501930.5,1816,0.8392070484581498
218,42.0,26003,191,-545812.0,309.5927396483267,545812.0,1763,0.8961996596710153
219,33.0,26099,96,-522208.5,302.02920763447077,522208.5,1729,0.8490456911509543
220,32.0,26191,92,-641992.0,369.385500575374,641992.0,1738,0.833716915995397
221,36.0,26469,278,-757302.5,449.43768545994067,757302.5,1685,0.8985163204747775
222,31.0,26561,92,-463853.0,261.3256338028169,463853.0,1775,0.8822535211267606
223,22.0,26689,128,-323557.0,191.34062684801893,323557.0,1691,0.8823181549379066
224,29.0,26913,224,-567082.0,339.3668461998803,567082.0,1671,0.8306403351286654
225,28.0,27025,112,-478923.0,268.15397536394175,478923.0,1786,0.7642777155655095
226,40.0,27217,192,-495067.0,284.0315547905909,495067.0,1743,0.897877223178428
227,32.0,27420,203,-997113.0,557.9815332960269,997113.0,1787,0.8293228875209849
228,36.0,27569,149,-327641.0,182.4281737193764,327641.0,1796,0.811804008908686
229,33.0,27894,325,-993986.0,545.8462383305875,993986.0,1821,0.900054914881933
230,25.0,27993,99,-296817.5,173.17240373395566,296817.5,1714,0.8768961493582264
231,59.0,28154,161,-553035.5,316.92578796561605,553035.5,1745,0.9318051575931232
232,35.0,28306,152,-394624.5,217.5438257993385,394624.5,1814,0.8919514884233738
233,28.0,28806,500,-1833043.5,1028.6439393939395,1833043.5,1782,0.9427609427609428
234,28.0,28980,174,-666148.0,384.83419988445985,666148.0,1731,0.8428653957250144
235,28.0,29044,64,-268196.5,151.43788819875778,268196.5,1771,0.8396386222473179
236,20.0,29166,122,-459514.5,256.71201117318435,459514.5,1790,0.8497206703910615
237,29.0,29337,171,-538649.0,294.8270388615216,538649.0,1827,0.8440065681444991
238,62.0,29631,294,-889725.0,514.5893580104106,889725.0,1729,0.9109311740890689
239,27.0,29992,361,-1160185.0,644.5472222222222,1160185.0,1800,0.9066666666666666
240,20.0,30058,66,-304810.5,178.66969519343493,304810.5,1706,0.8604923798358733
241,21.0,30278,220,-762891.0,424.77227171492206,762891.0,1796,0.8307349665924276
242,27.0,30412,134,-815837.5,456.5402909904868,815837.5,1787,0.8645775041969782
243,27.0,30486,74,-327544.0,184.73998871968416,327544.0,1773,0.8460236886632826
244,64.0,30747,261,-954603.5,540.2396717600453,954603.5,1767,0.9286926994906621
245,46.0,30968,221,-816443.5,446.6321115973742,816443.5,1828,0.8320568927789934
246,28.0,31073,105,-395778.5,219.0251798561151,395778.5,1807,0.8527946873270614
247,60.0,31365,292,-731893.0,406.6072222222222,731893.0,1800,0.8127777777777778
248,25.0,31428,63,-234558.0,128.38423645320196,234558.0,1827,0.8472906403940886
249,7.0,31462,34,-44415.0,24.661299278178788,44415.0,1801,0.6696279844530816
250,9.0,31498,36,-42697.0,24.0140607424072,42697.0,1778,0.68785151856018
251,12.0,31539,41,-60586.5,35.14298143851508,60586.5,1724,0.755800464037123
252,27.0,31615,76,-348187.5,199.76333907056798,348187.5,1743,0.8525530694205393
253,4.0,31648,33,-70770.5,40.05121675155631,70770.5,1767,0.7119411431805319
254,7.0,31678,30,-49813.5,28.04814189189189,49813.5,1776,0.6829954954954955
255,7.0,31709,31,-61581.5,35.22969107551487,61581.5,1748,0.6927917620137299
256,6.0,31738,29,-49733.0,28.516628440366972,49733.0,1744,0.6668577981651376
257,11.0,31769,31,-48216.5,27.90306712962963,48216.5,1728,0.6840277777777778
258,13.0,31810,41,-73614.5,40.6934770591487,73614.5,1809,0.7523493642896628
259,13.0,31847,37,-73428.0,41.25168539325843,73428.0,1780,0.7634831460674157
260,3.0,31882,35,-81869.0,45.00769653655855,81869.0,1819,0.7152281473336999
261,8.0,31916,34,-44584.5,24.83816155988858,44584.5,1795,0.6724233983286908
262,8.0,31953,37,-44174.0,24.0599128540305,44174.0,1836,0.6895424836601307
263,6.0,31988,35,-78443.5,44.44390934844193,78443.5,1765,0.7365439093484419
264,8.0,32023,35,-59417.5,34.10878300803674,59417.5,1742,0.7106773823191733
265,10.0,32058,35,-74330.0,40.70646221248631,74330.0,1826,0.7278203723986857
266,7.0,32092,34,-83889.5,45.17474421109316,83889.5,1857,0.7318255250403877
267,5.0,32128,36,-55200.5,31.66982214572576,55200.5,1743,0.7286288009179576
268,8.0,32160,32,-70549.5,39.56786315199103,70549.5,1783,0.715086932136848
269,5.0,32193,33,-93987.5,51.30322052401747,93987.5,1832,0.7237991266375546
270,7.0,32229,36,-43467.5,24.148611111111112,43467.5,1800,0.685
271,6.0,32261,32,-45123.5,25.222750139742875,45123.5,1789,0.6623812185578536
272,7.0,32293,32,-44858.5,25.032645089285715,44858.5,1792,0.6646205357142857
273,6.0,32326,33,-45898.5,26.093519044911883,45898.5,1759,0.6623081296191018
274,7.0,32363,37,-40212.5,22.822077185017026,40212.5,1762,0.6708286038592508
275,7.0,32395,32,-89279.0,53.524580335731414,89279.0,1668,0.6984412470023981
276,3.0,32427,32,-43892.5,25.312860438292965,43892.5,1734,0.6551326412918108
277,3.0,32459,32,-44026.0,24.595530726256982,44026.0,1790,0.664804469273743
278,4.0,32491,32,-50372.5,27.436002178649236,50372.5,1836,0.6813725490196079
279,6.0,32527,36,-70926.0,40.32177373507675,70926.0,1759,0.7180216031836271
280,10.0,32558,31,-48454.5,27.672472872644203,48454.5,1751,0.7024557395773844
281,5.0,32591,33,-68065.0,36.85165132647536,68065.0,1847,0.7092582566323768
282,10.0,32620,29,-51626.5,28.36620879120879,51626.5,1820,0.6664835164835164
283,5.0,32649,29,-47027.5,27.84339846062759,47027.5,1689,0.6672587329780936
284,10.0,32679,30,-51873.5,28.627759381898453,51873.5,1812,0.6777041942604857
285,10.0,32711,32,-46232.5,25.54281767955801,46232.5,1810,0.6580110497237569
286,8.0,32744,33,-47106.0,25.53170731707317,47106.0,1845,0.6791327913279133
287,5.0,32774,30,-49917.5,28.249858517260893,49917.5,1767,0.6876061120543294
288,5.0,32807,33,-77750.0,44.42857142857143,77750.0,1750,0.7022857142857143
289,4.0,32838,31,-52506.5,29.316862088218873,52506.5,1791,0.6929089893914014
290,7.0,32869,31,-51244.0,28.109709270433353,51244.0,1823,0.6785518376302797
291,5.0,32901,32,-47808.0,26.025040827436037,47808.0,1837,0.6679368535655961
292,10.0,32931,30,-83176.0,44.57449088960343,83176.0,1866,0.707395498392283
293,8.0,32962,31,-43613.5,24.68222976796831,43613.5,1767,0.645727221279004
294,4.0,32993,31,-47109.5,26.24484679665738,47109.5,1795,0.6685236768802229
295,7.0,33023,30,-51567.5,28.47459966869133,51567.5,1811,0.6913307564881281
296,4.0,33055,32,-63439.0,36.29233409610984,63439.0,1748,0.7025171624713958
297,7.0,33091,36,-59559.5,32.725,59559.5,1820,0.7478021978021978
298,9.0,33125,34,-44320.5,25.011568848758465,44320.5,1772,0.6969525959367946
299,5.0,33158,33,-49520.5,27.99349915206331,49520.5,1769,0.6964386659129451
300,8.0,33191,33,-45535.5,25.438826815642457,45535.5,1790,0.6636871508379888
301,8.0,33221,30,-50028.0,28.718714121699197,50028.0,1742,0.6831228473019518
302,8.0,33251,30,-49712.0,27.741071428571427,49712.0,1792,0.6768973214285714
303,8.0,33285,34,-79749.0,44.827993254637434,79749.0,1779,0.7284991568296796
304,12.0,33318,33,-102832.0,56.75055187637969,102832.0,1812,0.7306843267108167
305,8.0,33349,31,-52273.0,28.86416344561016,52273.0,1811,0.6780784097183876
306,5.0,33381,32,-45025.0,25.802292263610315,45025.0,1745,0.6630372492836676
307,6.0,33412,31,-44717.5,25.22137619853356,44717.5,1773,0.643542019176537
308,14.0,33443,31,-47730.0,26.784511784511785,47730.0,1782,0.6739618406285073
309,13.0,33475,32,-49467.5,27.900451212633953,49467.5,1773,0.6993795826283136
310,9.0,33507,32,-49322.5,28.184285714285714,49322.5,1750,0.68
311,4.0,33537,30,-51605.0,28.57419712070875,51605.0,1806,0.6971207087486158
312,7.0,33569,32,-49468.0,28.10681818181818,49468.0,1760,0.6829545454545455
313,12.0,33603,34,-50950.5,28.67220033764772,50950.5,1777,0.6955543050084412
314,9.0,33636,33,-47776.0,27.284980011422043,47776.0,1751,0.6824671616219303
315,7.0,33668,32,-49935.0,28.2597623089983,49935.0,1767,0.6938313525749858
316,9.0,33699,31,-55377.0,30.178201634877386,55377.0,1835,0.6970027247956403
317,5.0,33728,29,-52867.0,30.123646723646722,52867.0,1755,0.6928774928774929
318,2.0,33757,29,-51385.5,28.658951477969882,51385.5,1793,0.67930842163971
319,5.0,33786,29,-52371.0,29.06270810210877,52371.0,1802,0.6947835738068813
320,9.0,33816,30,-55201.5,30.59950110864745,55201.5,1804,0.6895787139689579
321,9.0,33845,29,-50594.0,27.616812227074234,50594.0,1832,0.662117903930131
322,11.0,33875,30,-49639.0,28.994742990654206,49639.0,1712,0.677570093457944
323,9.0,33904,29,-53420.0,29.064200217627857,53420.0,1838,0.6735582154515778
324,9.0,33933,29,-50458.0,27.923630326508025,50458.0,1807,0.6679579413392362
325,11.0,33963,30,-46546.0,27.396115361977635,46546.0,1699,0.6597998822836962
326,5.0,33993,30,-51390.0,28.70949720670391,51390.0,1790,0.6865921787709497
327,11.0,34023,30,-50896.0,28.22850804215197,50896.0,1803,0.6860787576261785
328,8.0,34054,31,-53015.0,29.403771491957848,53015.0,1803,0.6916250693288963
329,1.0,34084,30,-47472.0,26.988061398521886,47472.0,1759,0.686753837407618
330,11.0,34114,30,-50338.0,28.649971542401822,50338.0,1757,0.6863972680705749
331,10.0,34144,30,-51356.5,28.45235457063712,51356.5,1805,0.689196675900277
332,8.0,34174,30,-50142.5,27.520581778265644,50142.5,1822,0.681119648737651
333,8.0,34204,30,-51369.0,28.271326362135387,51369.0,1817,0.6906989543203081
334,9.0,34235,31,-55560.5,32.56770222743259,55560.5,1706,0.6934349355216881
335,9.0,34265,30,-49231.5,28.10017123287671,49231.5,1752,0.6740867579908676
336,7.0,34295,30,-51094.5,28.182294539437397,51094.5,1813,0.6651958080529509
337,9.0,34325,30,-49655.0,27.864758698092032,49655.0,1782,0.6818181818181818
338,5.0,34356,31,-49093.0,28.053142857142856,49093.0,1750,0.6668571428571428
339,7.0,34385,29,-57425.5,31.903055555555557,57425.5,1800,0.7133333333333334
340,8.0,34420,35,-116931.5,64.42506887052342,116931.5,1815,0.7146005509641873
341,8.0,34450,30,-50430.5,28.00138811771238,50430.5,1801,0.6807329261521377
342,5.0,34480,30,-47144.0,26.470522178551377,47144.0,1781,0.6496350364963503
343,3.0,34510,30,-51126.0,28.45075125208681,51126.0,1797,0.6867000556483027
344,8.0,34540,30,-50775.5,27.913963716327654,50775.5,1819,0.680043980208906
345,5.0,34572,32,-58941.5,32.13822246455834,58941.5,1834,0.7071973827699018
346,6.0,34602,30,-51754.5,28.929290106204583,51754.5,1789,0.6830631637786473
347,8.0,34632,30,-49718.0,28.557151062607698,49718.0,1741,0.6697300402067777
348,6.0,34664,32,-49439.0,28.380597014925375,49439.0,1742,0.6963260619977037
349,8.0,34695,31,-53689.5,29.87729549248748,53689.5,1797,0.6844741235392321
350,11.0,34726,31,-49591.5,28.113095238095237,49591.5,1764,0.685374149659864
351,12.0,34759,33,-48882.0,27.837129840546698,48882.0,1756,0.6765375854214123
352,4.0,34789,30,-50873.5,28.405080960357342,50873.5,1791,0.6823003908431045
353,6.0,34819,30,-51879.5,29.015380313199106,51879.5,1788,0.6851230425055929
354,4.0,34849,30,-49326.5,27.556703910614527,49326.5,1790,0.6664804469273743
355,7.0,34879,30,-49803.0,28.31324616259238,49803.0,1759,0.6787947697555429
356,12.0,34909,30,-51798.0,28.398026315789473,51798.0,1824,0.6924342105263158
357,11.0,34938,29,-65755.0,36.328729281767956,65755.0,1810,0.712707182320442
358,11.0,34968,30,-53858.5,30.97096032202415,53858.5,1739,0.7119033927544566
359,9.0,34998,30,-51147.5,28.24268360022087,51147.5,1811,0.6830480397570403
360,13.0,35028,30,-51114.5,27.67433676231727,51114.5,1847,0.6729832160259881
361,4.0,35057,29,-53374.5,29.294456641053788,53374.5,1822,0.6997804610318331
362,5.0,35086,29,-52385.0,31.052163604030824,52385.0,1687,0.6965026674570243
363,14.0,35116,30,-54287.0,30.498314606741573,54287.0,1780,0.701123595505618
364,9.0,35145,29,-58821.5,31.692618534482758,58821.5,1856,0.6923491379310345
365,4.0,35175,30,-54957.0,31.1018675721562,54957.0,1767,0.7113752122241087
366,7.0,35205,30,-77971.5,42.46813725490196,77971.5,1836,0.6949891067538126
367,6.0,35234,29,-51649.0,28.854189944134077,51649.0,1790,0.6860335195530727
368,8.0,35263,29,-56499.0,30.789645776566758,56499.0,1835,0.7128065395095368
369,4.0,35292,29,-53673.0,30.00167691447736,53673.0,1789,0.6730016769144773
370,4.0,35321,29,-54081.5,31.242923165800114,54081.5,1731,0.6967071057192374
371,9.0,35350,29,-52835.5,30.48788228505482,52835.5,1733,0.6872475476053087
372,5.0,35380,30,-55024.5,31.08728813559322,55024.5,1770,0.6994350282485876
373,7.0,35410,30,-55080.5,30.164567360350492,55080.5,1826,0.696604600219058
374,7.0,35440,30,-49712.0,28.293682413204326,49712.0,1757,0.6704610130904952
375,7.0,35468,28,-53402.0,30.153585544889893,53402.0,1771,0.6877470355731226
376,3.0,35497,29,-56189.5,31.42589485458613,56189.5,1788,0.7030201342281879
377,8.0,35526,29,-53637.0,29.864699331848552,53637.0,1796,0.6876391982182628
378,8.0,35555,29,-50815.5,29.7688927943761,50815.5,1707,0.7035735207967194
379,8.0,35585,30,-48923.5,27.76589103291714,48923.5,1762,0.6696935300794552
380,3.0,35615,30,-55704.0,30.045307443365697,55704.0,1854,0.6844660194174758
381,9.0,35645,30,-77664.5,44.152643547470156,77664.5,1759,0.7026719727117681
382,6.0,35675,30,-49827.0,28.024184476940384,49827.0,1778,0.6777277840269966
383,10.0,35704,29,-52662.0,29.403685092127304,52662.0,1791,0.6823003908431045
384,4.0,35733,29,-54204.5,31.42289855072464,54204.5,1725,0.7194202898550724
385,5.0,35765,32,-75553.5,42.374369040942234,75553.5,1783,0.6948962422882782
386,3.0,35795,30,-50387.0,27.47382769901854,50387.0,1834,0.6619411123227917
387,7.0,35825,30,-53164.0,28.67529665587918,53164.0,1854,0.6839266450916937
388,9.0,35855,30,-49539.0,27.9250281848929,49539.0,1774,0.6758737316798196
389,9.0,35885,30,-51739.0,28.60088446655611,51739.0,1809,0.6943062465450525
390,8.0,35915,30,-47203.0,27.539673278879814,47203.0,1714,0.6849474912485414
391,0.0,35946,31,-54729.5,30.781496062992126,54729.5,1778,0.6827896512935883
392,0.0,35976,30,-56037.5,30.705479452054796,56037.5,1825,0.701917808219178
393,8.0,36006,30,-49478.5,28.66657010428737,49478.5,1726,0.6842410196987254
394,7.0,36035,29,-52497.0,28.90803964757709,52497.0,1816,0.6850220264317181
395,4.0,36064,29,-51213.0,29.602890173410405,51213.0,1730,0.6861271676300578
396,12.0,36094,30,-52037.0,29.087199552822806,52037.0,1789,0.6763555058692007
397,11.0,36124,30,-51326.0,29.945157526254377,51326.0,1714,0.6738623103850642
398,10.0,36154,30,-51758.0,28.64305478693968,51758.0,1807,0.6851134477033758
399,7.0,36184,30,-66242.5,36.41698735568994,66242.5,1819,0.708631115997801
400,6.0,36214,30,-50731.5,28.341620111731842,50731.5,1790,0.6832402234636872
401,6.0,36244,30,-49110.5,27.45136948015651,49110.5,1789,0.655673560648407
402,5.0,36273,29,-48783.5,27.74943117178612,48783.5,1758,0.6604095563139932
403,6.0,36302,29,-53094.0,30.39152833428735,53094.0,1747,0.6811677160847167
404,10.0,36334,32,-114068.5,64.51838235294117,114068.5,1768,0.7239819004524887
405,8.0,36365,31,-70782.0,39.062913907284766,70782.0,1812,0.6959161147902869
406,5.0,36395,30,-51235.5,27.81514657980456,51235.5,1842,0.6780673181324647
407,6.0,36424,29,-45897.0,27.109864146485528,45897.0,1693,0.6532782043709392
408,4.0,36454,30,-51225.5,28.553790412486066,51225.5,1794,0.6900780379041248
409,7.0,36485,31,-55581.0,32.090646651270205,55581.0,1732,0.6887990762124712
410,2.0,36514,29,-48260.0,28.041836141778035,48260.0,1721,0.6647298082510168
411,8.0,36543,29,-51297.0,29.99824561403509,51297.0,1710,0.6789473684210526
412,4.0,36572,29,-48258.0,28.52127659574468,48258.0,1692,0.6643026004728132
413,6.0,36601,29,-50665.0,28.431537598204265,50665.0,1782,0.6728395061728395
414,10.0,36630,29,-54040.0,29.578544061302683,54040.0,1827,0.6743295019157088
415,7.0,36662,32,-67194.5,37.81344963421497,67194.5,1777,0.7062464828362408
416,6.0,36694,32,-65090.0,35.744096650192205,65090.0,1821,0.6941241076331686
417,10.0,36728,34,-107272.5,60.33323959505062,107272.5,1778,0.7103487064116986
418,6.0,36759,31,-53900.0,31.030512377662635,53900.0,1737,0.6856649395509499
419,8.0,36790,31,-69113.5,37.91195831047724,69113.5,1823,0.6966538672517828
420,7.0,36822,32,-77428.5,45.01656976744186,77428.5,1720,0.7220930232558139
421,14.0,36857,35,-126890.5,71.60863431151242,126890.5,1772,0.7110609480812641
422,8.0,36889,32,-47254.5,26.818671963677637,47254.5,1762,0.6787741203178207
423,3.0,36919,30,-53808.5,28.515368309485957,53808.5,1887,0.6825649178590355
424,7.0,36949,30,-47809.0,28.272619751626255,47809.0,1691,0.6753400354819633
425,3.0,36978,29,-51887.5,28.38484682713348,51887.5,1828,0.6657549234135668
426,9.0,37007,29,-52325.0,28.73421197144426,52325.0,1821,0.6781987918725975
427,5.0,37036,29,-49619.5,28.91579254079254,49619.5,1716,0.6701631701631702
428,10.0,37065,29,-50781.0,28.274498886414253,50781.0,1796,0.6625835189309577
429,7.0,37094,29,-50824.5,28.795750708215298,50824.5,1765,0.6855524079320113
430,6.0,37124,30,-52693.5,29.487129266927813,52693.5,1787,0.6877448237269166
431,5.0,37153,29,-50461.5,28.49322416713721,50461.5,1771,0.6629023150762281
432,5.0,37184,31,-46421.5,26.94225188624492,46421.5,1723,0.6726639582124202
433,6.0,37213,29,-51201.0,29.630208333333332,51201.0,1728,0.6892361111111112
434,5.0,37245,32,-51232.5,28.977658371040725,51232.5,1768,0.6889140271493213
435,4.0,37276,31,-49344.5,27.674985978687605,49344.5,1783,0.6831183398766124
436,9.0,37309,33,-51758.0,28.06832971800434,51758.0,1844,0.688177874186551
437,1.0,37340,31,-47259.5,27.02086906803888,47259.5,1749,0.6632361349342482
438,11.0,37372,32,-48471.5,27.985854503464203,48471.5,1732,0.687066974595843
439,8.0,37404,32,-45207.5,26.545801526717558,45207.5,1703,0.6647093364650617
440,7.0,37435,31,-52783.5,30.563694267515924,52783.5,1727,0.6878980891719745
441,9.0,37466,31,-50883.0,27.942339373970345,50883.0,1821,0.6699615595826469
442,7.0,37496,30,-49921.0,28.09285312324142,49921.0,1777,0.6809229037703995
443,14.0,37526,30,-49188.5,28.399826789838336,49188.5,1732,0.674364896073903
444,0.0,37555,29,-50471.0,28.227628635346758,50471.0,1788,0.6739373601789709
445,6.0,37583,28,-47656.5,27.93464243845252,47656.5,1706,0.6600234466588512
446,5.0,37615,32,-50438.0,28.739601139601138,50438.0,1755,0.6831908831908832
447,9.0,37646,31,-51974.5,28.354882705946537,51974.5,1833,0.6672122204037098
448,9.0,37677,31,-51585.5,28.14266230223677,51585.5,1833,0.668303327877796
449,8.0,37706,29,-52301.0,29.185825892857142,52301.0,1792,0.6746651785714286
450,8.0,37737,31,-52798.5,29.34880489160645,52798.5,1799,0.6959421901056142
451,8.0,37766,29,-50514.0,28.848657909765848,50514.0,1751,0.6818960593946316
452,10.0,37796,30,-49343.0,28.276790830945558,49343.0,1745,0.6710601719197707
453,7.0,37828,32,-54533.5,30.313229571984436,54533.5,1799,0.6948304613674263
454,9.0,37862,34,-71069.5,38.89956212370006,71069.5,1827,0.685823754789272
455,4.0,37895,33,-55857.5,31.973382942186607,55857.5,1747,0.6451058958214081
456,5.0,37926,31,-55760.0,31.467268623024832,55760.0,1772,0.6845372460496614
457,6.0,37956,30,-62608.0,35.59295054007959,62608.0,1759,0.6964184195565662
458,7.0,37987,31,-50710.5,28.944349315068493,50710.5,1752,0.666095890410959
459,11.0,38021,34,-56675.0,32.14690867838911,56675.0,1763,0.664208735110607
460,6.0,38059,38,-83518.0,48.27630057803468,83518.0,1730,0.669364161849711
461,9.0,38095,36,-75210.0,43.248993674525586,75210.0,1739,0.6710753306497987
462,6.0,38129,34,-58999.5,32.614427860696516,58999.5,1809,0.6882255389718076
463,5.0,38158,29,-48877.0,28.21997690531178,48877.0,1732,0.6691685912240185
464,5.0,38191,33,-52397.5,30.113505747126435,52397.5,1740,0.6522988505747126
465,9.0,38221,30,-55971.0,31.657805429864254,55971.0,1768,0.6849547511312217
466,10.0,38253,32,-58665.5,34.40791788856305,58665.5,1705,0.6973607038123167
467,8.0,38288,35,-75909.5,42.83831828442438,75909.5,1772,0.6901805869074492
468,5.0,38325,37,-57281.0,31.24986361156574,57281.0,1833,0.6437534097108565
469,4.0,38357,32,-63802.0,35.288716814159294,63802.0,1808,0.6797566371681416
470,10.0,38390,33,-64238.0,35.667962243198225,64238.0,1801,0.6779566907273736
471,4.0,38421,31,-65503.5,36.573701842546065,65503.5,1791,0.7079843662758235
472,5.0,38455,34,-63739.5,34.86843544857768,63739.5,1828,0.6788840262582057
473,7.0,38490,35,-52197.0,29.307692307692307,52197.0,1781,0.6490735541830432
474,12.0,38530,40,-78486.5,44.39281674208145,78486.5,1768,0.6657239819004525
475,10.0,38561,31,-54441.0,31.52345107122177,54441.0,1727,0.692530399536769
476,8.0,38595,34,-70682.5,37.919796137339056,70682.5,1864,0.6829399141630901
477,7.0,38630,35,-50867.0,28.57696629213483,50867.0,1780,0.6713483146067416
478,13.0,38664,34,-57253.5,31.149891186071816,57253.5,1838,0.6741022850924918
479,3.0,38699,35,-69929.0,39.37443693693694,69929.0,1776,0.6931306306306306
480,8.0,38734,35,-49523.0,28.186112692088788,49523.0,1757,0.6556630620375641
481,9.0,38777,43,-85389.5,47.0984555984556,85389.5,1813,0.640926640926641
482,11.0,38812,35,-47342.5,26.156077348066297,47342.5,1810,0.6502762430939226
483,3.0,38844,32,-137632.0,75.7051705170517,137632.0,1818,0.7167216721672167
484,4.0,38881,37,-147131.0,82.61145423919146,147131.0,1781,0.7237507018528916
485,12.0,38915,34,-68023.0,37.93809258226436,68023.0,1793,0.709425543781372
486,7.0,38956,41,-78868.0,46.09468147282291,78868.0,1711,0.6499123319696084
487,6.0,39002,46,-81589.5,44.97767364939361,81589.5,1814,0.681367144432194
488,4.0,39033,31,-54069.0,30.53020892151327,54069.0,1771,0.6843591191417279
489,2.0,39073,40,-112377.0,64.25214408233276,112377.0,1749,0.6809605488850772
490,1.0,39106,33,-55200.0,31.08108108108108,55200.0,1776,0.6593468468468469
491,7.0,39154,48,-85281.5,47.142896627971254,85281.5,1809,0.6865671641791045
492,8.0,39201,47,-199027.0,109.59636563876651,199027.0,1816,0.6993392070484582
493,5.0,39245,44,-91656.5,51.46350364963504,91656.5,1781,0.7097136440202133
494,9.0,39290,45,-86905.5,48.040630182421225,86905.5,1809,0.6683250414593698
495,6.0,39328,38,-56941.0,33.22112018669778,56941.0,1714,0.661610268378063
496,2.0,39362,34,-74937.5,42.02888390353337,74937.5,1783,0.659562535053281
497,4.0,39422,60,-168465.0,91.5073329712113,168465.0,1841,0.7278652906029331
498,7.0,39455,33,-51263.5,28.832114735658042,51263.5,1778,0.6856017997750281
499,5.0,39487,32,-59803.5,33.44714765100671,59803.5,1788,0.6705816554809844
500,8.0,39521,34,-45575.0,25.92434584755404,45575.0,1758,0.6444823663253697
501,8.0,39557,36,-56597.0,31.303650442477878,56597.0,1808,0.6393805309734514
502,7.0,39644,87,-432902.0,245.6878547105562,432902.0,1762,0.7009080590238366
503,11.0,39678,34,-49342.0,28.787631271878645,49342.0,1714,0.6452742123687282
504,6.0,39713,35,-63547.5,35.2649833518313,63547.5,1802,0.7053274139844617
505,2.0,39754,41,-73575.5,42.726771196283394,73575.5,1722,0.6596980255516841
506,4.0,39826,72,-221407.0,124.80665163472379,221407.0,1774,0.6972942502818489
507,6.0,39896,70,-329348.0,186.3882286361064,329348.0,1767,0.6666666666666666
508,7.0,39933,37,-119695.0,66.12983425414365,119695.0,1810,0.7204419889502762
509,7.0,39964,31,-58186.0,31.917718047174986,58186.0,1823,0.6823916620954471
510,7.0,39994,30,-45679.5,26.434895833333332,45679.5,1728,0.6388888888888888
511,12.0,40047,53,-121071.5,67.22459744586341,121071.5,1801,0.6607440310938367
512,3.0,40094,47,-193608.5,109.38333333333334,193608.5,1770,0.672316384180791
513,7.0,40129,35,-43408.0,23.65558583106267,43408.0,1835,0.6147138964577656
514,7.0,40160,31,-48178.0,26.64712389380531,48178.0,1808,0.6543141592920354
515,10.0,40199,39,-44562.5,25.74378971692663,44562.5,1731,0.6429809358752167
516,6.0,40258,59,-225855.0,125.68447412353923,225855.0,1797,0.6789092932665554
517,9.0,40289,31,-43985.0,24.327986725663717,43985.0,1808,0.6482300884955752
518,10.0,40319,30,-44407.0,25.60957324106113,44407.0,1734,0.6453287197231834
519,3.0,40349,30,-48144.0,27.589684813753582,48144.0,1745,0.6630372492836676
520,2.0,40378,29,-67239.0,38.821593533487295,67239.0,1732,0.6916859122401847
521,5.0,40410,32,-57445.0,32.09217877094972,57445.0,1790,0.6491620111731844
522,5.0,40441,31,-46178.5,25.4848233995585,46178.5,1812,0.6451434878587197
523,2.0,40470,29,-58794.0,31.84940411700975,58794.0,1846,0.69068255687974
524,4.0,40502,32,-49615.0,27.502771618625278,49615.0,1804,0.6518847006651884
525,10.0,40530,28,-48765.0,27.67593643586833,48765.0,1762,0.6492622020431328
526,10.0,40566,36,-62537.5,35.59334092202618,62537.5,1757,0.6932270916334662
527,6.0,40596,30,-42999.5,24.376133786848072,42999.5,1764,0.6377551020408163
528,4.0,40629,33,-53208.5,29.642618384401114,53208.5,1795,0.6596100278551532
529,4.0,40659,30,-63022.5,37.44652406417112,63022.5,1683,0.6773618538324421
530,9.0,40701,42,-72515.0,41.108276643990926,72515.0,1764,0.6893424036281179
531,5.0,40739,38,-53677.5,30.412181303116146,53677.5,1765,0.6555240793201134
532,3.0,40770,31,-59620.5,33.741086587436335,59620.5,1767,0.6615732880588568
533,7.0,40801,31,-51474.5,29.634139320667817,51474.5,1737,0.6833621185952792
534,10.0,40842,41,-75787.0,42.69690140845071,75787.0,1775,0.6597183098591549
535,3.0,40875,33,-57041.0,32.5019943019943,57041.0,1755,0.6945868945868946
536,4.0,40911,36,-63066.5,34.238056460369165,63066.5,1842,0.6601520086862106
537,7.0,40949,38,-88575.5,51.61742424242424,88575.5,1716,0.6888111888111889
538,8.0,41007,58,-118505.5,68.02841561423651,118505.5,1742,0.7014925373134329
539,9.0,41040,33,-58477.5,32.760504201680675,58477.5,1785,0.6739495798319328
540,9.0,41070,30,-45869.5,24.92907608695652,45869.5,1840,0.6494565217391305
541,4.0,41104,34,-50642.0,28.88876212207644,50642.0,1753,0.6731317741015402
542,4.0,41144,40,-99407.5,57.76147588611273,99407.5,1721,0.6542707728065078
543,7.0,41234,90,-470911.0,277.1695114773396,470911.0,1699,0.7174808711006474
544,2.0,41263,29,-54658.0,31.17969195664575,54658.0,1753,0.6754135767256132
545,4.0,41294,31,-55428.5,31.157110736368747,55428.5,1779,0.6683530073074762
546,5.0,41325,31,-58665.5,33.16308648954212,58665.5,1769,0.7032221594120972
547,8.0,41360,35,-92328.5,51.09490868843387,92328.5,1807,0.689540675152186
548,8.0,41395,35,-75141.5,43.459514170040485,75141.5,1729,0.6512434933487565
549,7.0,41434,39,-149712.0,86.99128413712958,149712.0,1721,0.6670540383497966
550,2.0,41474,40,-60586.0,34.075365579302584,60586.0,1778,0.655793025871766
551,7.0,41528,54,-351038.5,192.1392993979201,351038.5,1827,0.705528188286809
552,8.0,41561,33,-81049.0,45.92011331444759,81049.0,1765,0.6906515580736544
553,3.0,41589,28,-58932.5,32.43395707209686,58932.5,1817,0.6940011007154651
554,8.0,41619,30,-46181.0,25.656111111111112,46181.0,1800,0.6422222222222222
555,6.0,41653,34,-72798.0,41.43312464428002,72798.0,1757,0.6869664200341491
556,8.0,41688,35,-60365.5,32.55960086299892,60365.5,1854,0.668824163969795
557,11.0,41721,33,-54155.5,29.56086244541485,54155.5,1832,0.6528384279475983
558,11.0,41755,34,-43293.0,23.93200663349917,43293.0,1809,0.6467661691542289
559,7.0,41791,36,-69407.5,39.169018058690746,69407.5,1772,0.6518058690744921
560,7.0,41824,33,-58544.5,32.30932671081678,58544.5,1812,0.7075055187637969
561,2.0,41859,35,-84052.5,48.22289156626506,84052.5,1743,0.7240390131956397
562,5.0,41888,29,-50050.5,28.682234957020057,50050.5,1745,0.6492836676217765
563,4.0,41922,34,-64985.5,36.16332776850306,64985.5,1797,0.6700055648302726
564,8.0,41954,32,-45853.0,25.235553109521188,45853.0,1817,0.6521739130434783
565,10.0,41990,36,-82461.0,45.53340695748206,82461.0,1811,0.6659304251794589
566,11.0,42020,30,-52791.0,29.641212801796744,52791.0,1781,0.6855699045480067
567,10.0,42058,38,-63527.5,36.42631880733945,63527.5,1744,0.731651376146789
568,6.0,42092,34,-51631.5,29.006460674157303,51631.5,1780,0.6646067415730337
569,4.0,42122,30,-55764.0,31.187919463087248,55764.0,1788,0.6895973154362416
570,4.0,42152,30,-56808.5,30.60802801724138,56808.5,1856,0.6945043103448276
571,8.0,42184,32,-53758.0,29.982152816508645,53758.0,1793,0.690462911321807
572,9.0,42217,33,-62629.5,34.544677330391615,62629.5,1813,0.6618863761720905
573,5.0,42247,30,-42118.0,24.053683609366075,42118.0,1751,0.6344945745288406
574,8.0,42279,32,-40759.0,23.25099828864803,40759.0,1753,0.6297775242441529
575,5.0,42308,29,-50408.5,28.28759820426487,50408.5,1782,0.6576879910213244
576,7.0,42338,30,-41984.5,24.101320321469576,41984.5,1742,0.6303099885189437
577,3.0,42371,33,-43241.5,23.73298572996707,43241.5,1822,0.6470911086717892
578,5.0,42401,30,-48851.5,27.444662921348314,48851.5,1780,0.6730337078651686
579,11.0,42440,39,-66944.5,38.763462651997685,66944.5,1727,0.6629994209612045
580,6.0,42470,30,-46234.0,26.464796794504867,46234.0,1747,0.6559816828849456
581,7.0,42500,30,-47084.5,25.999171728326893,47084.5,1811,0.6675869685256764
582,8.0,42535,35,-52222.0,29.07683741648107,52222.0,1796,0.6542316258351893
583,5.0,42569,34,-39084.0,21.96964586846543,39084.0,1779,0.6250702641933671
584,5.0,42599,30,-43493.0,24.6838819523269,43493.0,1762,0.6356413166855845
585,4.0,42632,33,-58616.0,32.93033707865168,58616.0,1780,0.6494382022471911
586,4.0,42664,32,-41727.5,23.194830461367427,41727.5,1799,0.6375764313507504
587,8.0,42696,32,-43633.5,25.047933409873707,43633.5,1742,0.6504018369690011
588,6.0,42728,32,-60294.5,34.18055555555556,60294.5,1764,0.6763038548752834
589,6.0,42761,33,-45469.0,26.012013729977117,45469.0,1748,0.6516018306636155
590,4.0,42798,37,-46657.5,26.600627137970353,46657.5,1754,0.6379703534777651
591,4.0,42836,38,-38885.0,22.386298215313758,38885.0,1737,0.6200345423143351
592,7.0,42872,36,-44165.0,25.411392405063292,44165.0,1738,0.6311852704257768
593,10.0,42906,34,-39816.5,22.48249576510446,39816.5,1771,0.6369282891022021
594,2.0,42942,36,-47521.0,27.310919540229886,47521.0,1740,0.6402298850574712
595,4.0,42974,32,-80456.5,45.58441926345609,80456.5,1765,0.6980169971671388
596,4.0,43010,36,-72338.5,40.80005640157925,72338.5,1773,0.6559503666102651
597,11.0,43044,34,-60012.0,33.45150501672241,60012.0,1794,0.6683389074693422
598,7.0,43079,35,-61918.5,36.16734813084112,61918.5,1712,0.6448598130841121
599,16.0,43114,35,-40026.5,23.19032444959444,40026.5,1726,0.6210892236384704
600,6.0,43146,32,-41933.5,24.422539312754804,41933.5,1717,0.6342457775189284
601,9.0,43181,35,-45628.0,25.476270240089335,45628.0,1791,0.6409826912339475
602,9.0,43225,44,-72160.5,41.02359295054008,72160.5,1759,0.6708357021034679
603,6.0,43264,39,-46888.0,26.460496613995485,46888.0,1772,0.621331828442438
604,8.0,43299,35,-54294.5,30.990011415525114,54294.5,1752,0.6210045662100456
605,6.0,43331,32,-41774.5,22.915249588590235,41774.5,1823,0.6226001097092705
606,9.0,43362,31,-39051.0,22.971176470588237,39051.0,1700,0.6105882352941177
607,11.0,43401,39,-45968.5,25.709451901565995,45968.5,1788,0.6375838926174496
608,6.0,43433,32,-47225.5,25.693960826985855,47225.5,1838,0.6420021762785637
609,7.0,43468,35,-43695.0,24.275,43695.0,1800,0.6316666666666667
610,8.0,43504,36,-74696.0,41.40576496674058,74696.0,1804,0.6330376940133038
611,4.0,43540,36,-68739.0,39.641868512110726,68739.0,1734,0.6562860438292965
612,10.0,43574,34,-57559.5,31.818407960199004,57559.5,1809,0.6550580431177446
613,6.0,43609,35,-56368.5,31.954931972789115,56368.5,1764,0.6609977324263039
614,7.0,43645,36,-63507.0,36.24828767123287,63507.0,1752,0.6455479452054794
615,11.0,43680,35,-61195.5,35.1496266513498,61195.5,1741,0.6421596783457783
616,9.0,43711,31,-64488.0,36.127731092436974,64488.0,1785,0.661624649859944
617,13.0,43742,31,-43466.5,26.184638554216868,43466.5,1660,0.6481927710843374
618,8.0,43781,39,-56034.5,31.604342921601805,56034.5,1773,0.6627185561195713
619,8.0,43817,36,-38156.5,21.17452830188679,38156.5,1802,0.6226415094339622
620,4.0,43856,39,-46231.0,26.630760368663594,46231.0,1736,0.6232718894009217
621,10.0,43894,38,-47733.0,26.63671875,47733.0,1792,0.62890625
622,8.0,43933,39,-51949.5,29.516761363636363,51949.5,1760,0.6284090909090909
623,7.0,43970,37,-51382.5,29.111898016997166,51382.5,1765,0.6373937677053825
624,7.0,44007,37,-54186.5,29.953841901603095,54186.5,1809,0.6268656716417911
625,8.0,44042,35,-67870.0,38.58442296759522,67870.0,1759,0.6520750426378624
626,6.0,44076,34,-53565.5,29.36705043859649,53565.5,1824,0.6524122807017544
627,4.0,44111,35,-61483.5,34.32914572864322,61483.5,1791,0.6577331099944165
628,10.0,44144,33,-57282.5,32.39960407239819,57282.5,1768,0.6476244343891403
629,14.0,44178,34,-42510.5,24.347365406643757,42510.5,1746,0.6414662084765178
630,7.0,44214,36,-42251.5,23.564696040156164,42251.5,1793,0.6335750139431121
631,7.0,44248,34,-41634.0,22.169329073482427,41634.0,1878,0.641640042598509
632,8.0,44284,36,-45674.5,26.679030373831775,45674.5,1712,0.6255841121495327
633,8.0,44326,42,-83544.0,47.54923164484917,83544.0,1757,0.640865110984633
634,9.0,44375,49,-139653.5,79.75642490005711,139653.5,1751,0.6767561393489434
635,9.0,44406,31,-43758.0,24.75,43758.0,1768,0.6459276018099548
636,6.0,44440,34,-46277.0,25.78105849582173,46277.0,1795,0.6362116991643454
637,7.0,44492,52,-121420.0,68.56013551665725,121420.0,1771,0.709768492377188
638,6.0,44526,34,-38287.5,21.365792410714285,38287.5,1792,0.6244419642857143
639,6.0,44560,34,-37113.5,21.552555168408826,37113.5,1722,0.616144018583043
640,6.0,44592,32,-39875.0,22.733751425313567,39875.0,1754,0.6311288483466363
641,4.0,44633,41,-85113.0,48.636,85113.0,1750,0.6691428571428572
642,9.0,44674,41,-136742.5,79.91963763880771,136742.5,1711,0.6382232612507306
643,6.0,44718,44,-76721.5,41.29251883745963,76721.5,1858,0.6668460710441335
644,12.0,44751,33,-36914.5,21.511946386946388,36914.5,1716,0.6142191142191142
645,8.0,44784,33,-44594.5,25.658515535097813,44594.5,1738,0.6513233601841196
646,7.0,44816,32,-36403.5,21.55328596802842,36403.5,1689,0.6210775606867969
647,8.0,44847,31,-47155.5,26.701868629671573,47155.5,1766,0.6528878822197055
648,9.0,44876,29,-51361.5,29.0506221719457,51361.5,1768,0.667420814479638
649,4.0,44912,36,-50521.0,29.270567786790266,50521.0,1726,0.6587485515643106
650,8.0,44943,31,-83156.5,46.95454545454545,83156.5,1771,0.665725578769057
651,5.0,44973,30,-55409.5,31.482670454545456,55409.5,1760,0.6579545454545455
652,7.0,45003,30,-46224.5,26.50487385321101,46224.5,1744,0.6502293577981652
653,9.0,45031,28,-49128.5,27.127829928216453,49128.5,1811,0.658199889563777
654,9.0,45060,29,-45449.5,26.625366139425893,45449.5,1707,0.6473345049794962
655,6.0,45088,28,-51407.0,28.96169014084507,51407.0,1775,0.6732394366197183
656,4.0,45121,33,-64132.0,36.58414147176269,64132.0,1753,0.7010838562464347
657,4.0,45158,37,-56228.0,31.465025181869056,56228.0,1787,0.6530498041410184
658,8.0,45190,32,-46361.0,25.529185022026432,46361.0,1816,0.6360132158590308
659,9.0,45221,31,-55784.5,31.42788732394366,55784.5,1775,0.6850704225352112
660,6.0,45252,31,-46340.5,26.344798180784537,46340.5,1759,0.6606026151222285
661,10.0,45283,31,-45208.0,26.011507479861912,45208.0,1738,0.6380897583429229
662,7.0,45326,43,-73533.0,40.09432933478735,73533.0,1834,0.693565976008724
663,7.0,45372,46,-57364.0,31.501372872048325,57364.0,1821,0.6529379461834157
664,12.0,45407,35,-40728.5,22.489508558807287,40728.5,1811,0.6305908337934842
665,5.0,45443,36,-57360.5,31.56879471656577,57360.5,1817,0.6774903687396808
666,9.0,45478,35,-62398.5,36.02684757505774,62398.5,1732,0.6749422632794457
667,5.0,45511,33,-75777.5,43.32618639222413,75777.5,1749,0.6843910806174958
668,8.0,45544,33,-41910.0,23.374233128834355,41910.0,1793,0.6497490239821528
669,5.0,45578,34,-44708.5,25.117134831460675,44708.5,1780,0.6584269662921348
670,17.0,45615,37,-57341.5,31.89182424916574,57341.5,1798,0.6779755283648499
671,10.0,45649,34,-65848.0,36.66369710467706,65848.0,1796,0.6737193763919822
672,6.0,45683,34,-51079.5,27.62547322877231,51079.5,1849,0.6598161168199026
673,15.0,45719,36,-49303.5,27.93399433427762,49303.5,1765,0.6498583569405099
674,8.0,45752,33,-49381.0,27.058082191780823,49381.0,1825,0.6526027397260274
675,4.0,45787,35,-42281.5,24.230085959885386,42281.5,1745,0.6309455587392551
676,9.0,45822,35,-50960.0,28.75846501128668,50960.0,1772,0.6783295711060948
677,1.0,45860,38,-56478.0,31.640336134453783,56478.0,1785,0.6745098039215687
678,6.0,45894,34,-48832.0,26.919514884233738,48832.0,1814,0.639470782800441
679,10.0,45927,33,-44936.5,24.555464480874317,44936.5,1830,0.6508196721311476
680,8.0,45961,34,-41046.0,22.828698553948833,41046.0,1798,0.6418242491657397
681,9.0,45995,34,-46157.0,26.033276931754088,46157.0,1773,0.6486181613085167
682,5.0,46030,35,-49636.0,27.683212493028442,49636.0,1793,0.649191299498048
683,12.0,46064,34,-46190.5,25.35153677277717,46190.5,1822,0.6443468715697036
684,2.0,46099,35,-43742.5,24.409877232142858,43742.5,1792,0.6216517857142857
685,10.0,46133,34,-40453.5,22.49916573971079,40453.5,1798,0.6256952169076752
686,4.0,46165,32,-51065.0,27.647536545749865,51065.0,1847,0.6670276123443422
687,9.0,46198,33,-50261.0,29.069404279930595,50261.0,1729,0.6524002313475997
688,6.0,46232,34,-50022.0,27.79,50022.0,1800,0.6744444444444444
689,8.0,46268,36,-44224.5,25.156143344709896,44224.5,1758,0.6581342434584755
690,8.0,46298,30,-46464.0,26.951276102088165,46464.0,1724,0.6577726218097448
691,7.0,46331,33,-55351.5,32.331483644859816,55351.5,1712,0.6623831775700935
692,8.0,46364,33,-64483.0,35.58664459161148,64483.0,1812,0.6633554083885209
693,8.0,46402,38,-43660.0,24.680610514414923,43660.0,1769,0.6370830977953647
694,7.0,46432,30,-46127.0,26.911901983663945,46127.0,1714,0.647024504084014
695,4.0,46461,29,-55208.0,30.1353711790393,55208.0,1832,0.6774017467248908
696,4.0,46491,30,-64328.0,37.16233391103408,64328.0,1731,0.6845753899480069
697,6.0,46522,31,-54169.5,31.567307692307693,54169.5,1716,0.6724941724941725
698,9.0,46553,31,-45770.0,26.289488799540493,45770.0,1741,0.6461803561171741
699,9.0,46585,32,-53650.5,30.073150224215247,53650.5,1784,0.6816143497757847
700,4.0,46617,32,-42266.0,23.87909604519774,42266.0,1770,0.6271186440677966
701,8.0,46649,32,-42659.5,23.58181315644002,42659.5,1809,0.6202321724709784
702,8.0,46684,35,-52630.5,31.19768820391227,52630.5,1687,0.6644931831653823
703,4.0,46719,35,-54797.5,31.859011627906977,54797.5,1720,0.641860465116279
704,4.0,46754,35,-42519.5,24.352520045819016,42519.5,1746,0.638602520045819
705,7.0,46786,32,-44306.0,24.975197294250282,44306.0,1774,0.6550169109357384
706,6.0,46816,30,-48672.5,27.46755079006772,48672.5,1772,0.659706546275395
707,6.0,46854,38,-63415.0,36.76231884057971,63415.0,1725,0.7020289855072464
708,9.0,46889,35,-42816.0,24.83526682134571,42816.0,1724,0.6531322505800464
709,4.0,46929,40,-44697.5,25.295698924731184,44697.5,1767,0.6536502546689303
710,8.0,46964,35,-41419.5,23.50709421112372,41419.5,1762,0.6305334846765039
711,8.0,46995,31,-56541.5,32.569988479262676,56541.5,1736,0.6641705069124424
712,7.0,47027,32,-41097.5,22.95949720670391,41097.5,1790,0.6357541899441341
713,6.0,47062,35,-51730.5,28.851366424986058,51730.5,1793,0.6675962074735081
714,6.0,47097,35,-43096.5,25.05610465116279,43096.5,1720,0.627906976744186
715,10.0,47134,37,-45376.0,25.434977578475337,45376.0,1784,0.6513452914798207
716,7.0,47172,38,-44614.5,24.95218120805369,44614.5,1788,0.6448545861297539
717,6.0,47207,35,-46475.0,25.451807228915662,46475.0,1826,0.6582694414019715
718,8.0,47250,43,-40025.5,23.669722057953873,40025.5,1691,0.6333530455351862
719,9.0,47285,35,-47433.0,25.419614147909968,47433.0,1866,0.6264737406216506
720,6.0,47319,34,-37609.5,21.62708453133985,37609.5,1739,0.6147211040828062
721,6.0,47350,31,-42969.5,24.33154020385051,42969.5,1766,0.6347678369195923
722,2.0,47384,34,-50221.0,27.978272980501394,50221.0,1795,0.6908077994428969
723,12.0,47418,34,-44472.0,23.64274322169059,44472.0,1881,0.6384901648059543
724,3.0,47451,33,-44033.5,24.408813747228383,44033.5,1804,0.6518847006651884
725,10.0,47487,36,-46428.5,25.21917436175991,46428.5,1841,0.6561651276480174
726,8.0,47521,34,-50764.5,28.328404017857142,50764.5,1792,0.6830357142857143
727,6.0,47554,33,-42520.5,24.325228832951947,42520.5,1748,0.652745995423341
728,4.0,47586,32,-45377.5,24.541644131963224,45377.5,1849,0.6446727961060033
729,17.0,47620,34,-39655.0,21.969529085872576,39655.0,1805,0.628808864265928
730,4.0,47657,37,-47195.0,25.86027397260274,47195.0,1825,0.6515068493150685
731,6.0,47687,30,-50479.0,28.503105590062113,50479.0,1771,0.6775832862789385
732,2.0,47720,33,-39264.0,22.96140350877193,39264.0,1710,0.6502923976608187
733,7.0,47755,35,-42786.5,24.604082806210467,42786.5,1739,0.6325474410580794
734,8.0,47792,37,-35803.0,20.707345286292654,35803.0,1729,0.6032388663967612
735,5.0,47827,35,-40444.0,23.24367816091954,40444.0,1740,0.646551724137931
736,5.0,47873,46,-64295.5,37.381104651162794,64295.5,1720,0.6563953488372093
737,12.0,47911,38,-48214.5,27.51969178082192,48214.5,1752,0.5998858447488584
738,6.0,47943,32,-45322.0,26.334689134224288,45322.0,1721,0.6461359674607786
739,6.0,47977,34,-46586.0,26.60536836093661,46586.0,1751,0.655625356938892
740,7.0,48018,41,-38612.0,22.101888952489983,38612.0,1747,0.6307956496851745
741,10.0,48059,41,-46322.0,25.451648351648352,46322.0,1820,0.6368131868131868
742,12.0,48101,42,-43126.0,24.351214003387916,43126.0,1771,0.6386222473178995
743,11.0,48147,46,-32841.0,18.627906976744185,32841.0,1763,0.681792399319342
744,6.0,48192,45,-37448.5,20.73560354374308,37448.5,1806,0.689922480620155
745,4.0,48234,42,-85286.5,47.09359469906129,85286.5,1811,0.6405300938707896
746,5.0,48281,47,-41255.5,22.54398907103825,41255.5,1830,0.6382513661202186
747,9.0,48330,49,-32046.0,18.125565610859727,32046.0,1768,0.6255656108597285
748,18.0,48395,65,-263462.0,152.99767711962835,263462.0,1722,0.7096399535423926
749,8.0,48441,46,-38858.5,20.970588235294116,38858.5,1853,0.6243928764166217
750,6.0,48488,47,-49556.5,27.79388670779585,49556.5,1783,0.6494671901289961
751,17.0,48535,47,-46446.5,26.078888265019653,46446.5,1781,0.6810780460415496
752,41.0,48634,99,-473243.5,260.88395810363835,473243.5,1814,0.7442116868798236
753,44.0,48731,97,-210151.5,113.5954054054054,210151.5,1850,0.778918918918919
754,50.0,48834,103,-352542.5,197.2817571348629,352542.5,1787,0.7750419697817571
755,34.0,48974,140,-213621.5,119.67591036414566,213621.5,1785,0.7714285714285715
756,60.0,49073,99,-271865.5,156.15479609419873,271865.5,1741,0.742676622630672
757,47.0,49169,96,-218164.5,123.95710227272727,218164.5,1760,0.75625
758,7.0,49228,59,-82116.0,44.896664844177145,82116.0,1829,0.708037178786222
759,11.0,49282,54,-36617.0,20.983954154727794,36617.0,1745,0.6343839541547278
760,51.0,49377,95,-305386.0,173.61341671404207,305386.0,1759,0.7168845935190449
761,36.0,49478,101,-173809.5,97.20889261744966,173809.5,1788,0.7746085011185683
762,54.0,49594,116,-206622.5,117.86794067313177,206622.5,1753,0.7809469480889903
763,49.0,49745,151,-224102.5,130.82457676590775,224102.5,1713,0.7898423817863398
764,31.0,49841,96,-224792.5,128.7471363115693,224792.5,1746,0.7130584192439863
765,53.0,49946,105,-289620.0,164.83779169038132,289620.0,1757,0.7598178713716562
766,20.0,50010,64,-183175.0,105.33352501437608,183175.0,1739,0.7487061529614721
767,6.0,50057,47,-60580.0,34.81609195402299,60580.0,1740,0.6718390804597701
768,38.0,50167,110,-190692.5,108.65669515669515,190692.5,1755,0.7908831908831909
769,54.0,50325,158,-273688.5,157.38269120184015,273688.5,1739,0.8154111558366878
770,54.0,50480,155,-267421.0,148.89810690423164,267421.0,1796,0.8374164810690423
771,55.0,50639,159,-257647.5,144.9901519414744,257647.5,1777,0.7923466516601013
772,37.0,50823,184,-297535.5,169.2465870307167,297535.5,1758,0.8430034129692833
773,23.0,50908,85,-214077.0,121.4276800907544,214077.0,1763,0.7691435053885423
774,49.0,51001,93,-91680.0,51.30386121992166,91680.0,1787,0.7425853385562395
775,23.0,51091,90,-200351.5,117.99263839811543,200351.5,1698,0.7620730270906949
776,11.0,51156,65,-89617.5,49.45778145695364,89617.5,1812,0.717439293598234
777,17.0,51232,76,-62644.5,34.918896321070235,62644.5,1794,0.6850613154960981
778,31.0,51299,67,-98001.5,54.32455654101996,98001.5,1804,0.7339246119733924
779,10.0,51371,72,-145192.5,86.01451421800948,145192.5,1688,0.7197867298578199
780,22.0,51554,183,-400002.0,222.9665551839465,400002.0,1794,0.7134894091415831
781,18.0,51618,64,-105482.5,57.20309110629067,105482.5,1844,0.7158351409978309
782,8.0,51670,52,-67816.0,38.70776255707762,67816.0,1752,0.6672374429223744
783,8.0,51747,77,-136464.5,81.66636744464392,136464.5,1671,0.6971873129862358
784,37.0,52115,368,-725700.0,409.768492377188,725700.0,1771,0.7075098814229249
785,51.0,52354,239,-537756.0,302.6201463140124,537756.0,1777,0.7416994935284187
786,19.0,52528,174,-441115.5,246.70889261744966,441115.5,1788,0.7975391498881432
787,22.0,52606,78,-45566.5,26.569387755102042,45566.5,1715,0.6880466472303207
788,32.0,52698,92,-61108.0,35.28175519630485,61108.0,1732,0.7326789838337182
789,12.0,52748,50,-36841.5,21.60791788856305,36841.5,1705,0.6997067448680352
790,13.0,52827,79,-32336.0,18.09513150531617,32336.0,1787,0.7011751538891998
791,15.0,52890,63,-38065.5,21.66505406943654,38065.5,1757,0.6573705179282868
792,15.0,52951,61,-42834.0,23.665193370165746,42834.0,1810,0.7243093922651934
793,36.0,53084,133,-212930.0,120.8456299659478,212930.0,1762,0.7843359818388195
794,16.0,53142,58,-50661.5,28.62231638418079,50661.5,1770,0.7073446327683616
795,5.0,53197,55,-95369.5,52.228641840087626,95369.5,1826,0.7256297918948521
796,21.0,53270,73,-42135.0,23.791643139469226,42135.0,1771,0.7007340485601355
797,23.0,53344,74,-28631.5,15.510021668472373,28631.5,1846,0.6847237269772481
798,27.0,53410,66,-42681.5,24.959941520467837,42681.5,1710,0.7046783625730995
